stage_source,experiment_type,case_id,repetition_id,status,failure_category,failure_message,declared_sweep_variable,declared_sweep_value,worker_wall_s,T_SSE_s,peak_rss_bytes,J_A,J_D,selected_defender_action_id,selected_attacker_candidate_id,trajectory_sha256,independent_replay_passed
14.2,stage14_2_smoke,canonical-centered-cube-25m-25m-5deg-533a50c86023,canonical-centered-cube-25m-25m-5deg-533a50c86023-r000,completed,,,horizontal_spacing_m,25.0,62.17963580000014,61.73973879999994,203755520,0.944086144839464,0.7814861193516704,2,26,827fe8228491a0469c901aed676fd640afac5870b094f2d62494678cd8acfb03,True
14.2,stage14_2_smoke,canonical-centered-cube-25m-25m-5deg-533a50c86023,canonical-centered-cube-25m-25m-5deg-533a50c86023-r001,completed,,,horizontal_spacing_m,25.0,62.859526899999764,62.40206969999963,205860864,0.944086144839464,0.7814861193516704,2,26,827fe8228491a0469c901aed676fd640afac5870b094f2d62494678cd8acfb03,True
14.2,stage14_2_smoke,canonical-centered-cube-25m-25m-5deg-533a50c86023,canonical-centered-cube-25m-25m-5deg-533a50c86023-r002,completed,,,horizontal_spacing_m,25.0,63.46398169999975,62.98233179999988,204320768,0.944086144839464,0.7814861193516704,2,26,827fe8228491a0469c901aed676fd640afac5870b094f2d62494678cd8acfb03,True
14.2,stage14_2_smoke,explicit-infeasible-centered-cube-small-76403510096e,explicit-infeasible-centered-cube-small-76403510096e-r000,model_infeasible,RuntimeError,no Defender action has a feasible Attacker response,switching_contour_sample_count,2,1.3911254000004192,,44982272,,,,,,
14.2,stage14_2_smoke,controlled-timeout-fixture-e320451e13a7,controlled-timeout-fixture-e320451e13a7-r000,timeout,timeout,"parent-enforced timeout: timeout_s=0.25, memory_limit_bytes=None",delay_s,2.0,0.26878470000065136,,44093440,,,,,,
14.2C,stage14_2c_local_sse_baseline,local-sse-canonical-anchor-4f8cae874bcf,local-sse-canonical-anchor-4f8cae874bcf-r000,completed,,,baseline_anchor,0,59.75405150000006,59.35264140000072,207331328,0.944086144839464,0.7814861193516704,2,26,827fe8228491a0469c901aed676fd640afac5870b094f2d62494678cd8acfb03,True
14.2C,stage14_2c_local_sse_baseline,local-sse-canonical-anchor-4f8cae874bcf,local-sse-canonical-anchor-4f8cae874bcf-r001,completed,,,baseline_anchor,0,58.83594719999928,58.419353899998896,208084992,0.944086144839464,0.7814861193516704,2,26,827fe8228491a0469c901aed676fd640afac5870b094f2d62494678cd8acfb03,True
14.2C,stage14_2c_local_sse_baseline,local-sse-canonical-anchor-4f8cae874bcf,local-sse-canonical-anchor-4f8cae874bcf-r002,completed,,,baseline_anchor,0,59.04784499999914,58.59568979999858,205639680,0.944086144839464,0.7814861193516704,2,26,827fe8228491a0469c901aed676fd640afac5870b094f2d62494678cd8acfb03,True
14.2C,stage14_2c_local_sse_spatial,local-sse-spatial-100m-48fa3d04001e,local-sse-spatial-100m-48fa3d04001e-r000,completed,,,spatial_resolution_m,100.0,8.272922399999516,7.847691900000427,66641920,1.4049827579238952,0.912150500664634,2,26,91f6a4aa7c2edb29d55899913823c0969558eae38759e2bffc27ce34a32608a3,True
14.2C,stage14_2c_local_sse_spatial,local-sse-spatial-100m-48fa3d04001e,local-sse-spatial-100m-48fa3d04001e-r001,completed,,,spatial_resolution_m,100.0,8.287150399999518,7.873652899999797,59498496,1.4049827579238952,0.912150500664634,2,26,91f6a4aa7c2edb29d55899913823c0969558eae38759e2bffc27ce34a32608a3,True
14.2C,stage14_2c_local_sse_spatial,local-sse-spatial-100m-48fa3d04001e,local-sse-spatial-100m-48fa3d04001e-r002,completed,,,spatial_resolution_m,100.0,8.297129599999607,7.857608700000128,67223552,1.4049827579238952,0.912150500664634,2,26,91f6a4aa7c2edb29d55899913823c0969558eae38759e2bffc27ce34a32608a3,True
14.2C,stage14_2c_local_sse_spatial,local-sse-spatial-50m-018909d9134d,local-sse-spatial-50m-018909d9134d-r000,completed,,,spatial_resolution_m,50.0,30.434899300000325,30.007273899998836,76288000,1.340553884072545,0.8938345470153469,2,38,af5756a788b7eac143700e6d6f125c8ebd771a46c6984078a629644cfc7ab8d5,True
14.2C,stage14_2c_local_sse_spatial,local-sse-spatial-50m-018909d9134d,local-sse-spatial-50m-018909d9134d-r001,completed,,,spatial_resolution_m,50.0,30.291179400001056,29.869508699999642,76427264,1.340553884072545,0.8938345470153469,2,38,af5756a788b7eac143700e6d6f125c8ebd771a46c6984078a629644cfc7ab8d5,True
14.2C,stage14_2c_local_sse_spatial,local-sse-spatial-50m-018909d9134d,local-sse-spatial-50m-018909d9134d-r002,completed,,,spatial_resolution_m,50.0,30.06915570000092,29.66488449999997,76054528,1.340553884072545,0.8938345470153469,2,38,af5756a788b7eac143700e6d6f125c8ebd771a46c6984078a629644cfc7ab8d5,True
14.2C,stage14_2c_local_sse_heading,local-sse-heading-15deg-fd857640a579,local-sse-heading-15deg-fd857640a579-r000,completed,,,heading_spacing_deg,15.0,4.96575970000049,4.556901700001617,99823616,0.9697241814714522,0.7912859636040508,2,26,217ac0652b5c73ff43a31c54f47dfbdec37f4a088f82acf90f7f69a3dc52c609,True
14.2C,stage14_2c_local_sse_heading,local-sse-heading-15deg-fd857640a579,local-sse-heading-15deg-fd857640a579-r001,completed,,,heading_spacing_deg,15.0,5.002328000000489,4.5650158999997075,99405824,0.9697241814714522,0.7912859636040508,2,26,217ac0652b5c73ff43a31c54f47dfbdec37f4a088f82acf90f7f69a3dc52c609,True
14.2C,stage14_2c_local_sse_heading,local-sse-heading-15deg-fd857640a579,local-sse-heading-15deg-fd857640a579-r002,completed,,,heading_spacing_deg,15.0,5.031073299998752,4.574278199999753,99729408,0.9697241814714522,0.7912859636040508,2,26,217ac0652b5c73ff43a31c54f47dfbdec37f4a088f82acf90f7f69a3dc52c609,True
14.2C,stage14_2c_local_sse_heading,local-sse-heading-10deg-99d5ff795b79,local-sse-heading-10deg-99d5ff795b79-r000,completed,,,heading_spacing_deg,10.0,12.327651699999478,11.868023000000903,127954944,0.952687238683972,0.7843318987084812,2,26,7d8a14d528f00c78409a36f48c3c78c923bd9cad109de3653592b85d6ce43e39,True
14.2C,stage14_2c_local_sse_heading,local-sse-heading-10deg-99d5ff795b79,local-sse-heading-10deg-99d5ff795b79-r001,completed,,,heading_spacing_deg,10.0,12.24169289999918,11.785441899999569,128036864,0.952687238683972,0.7843318987084812,2,26,7d8a14d528f00c78409a36f48c3c78c923bd9cad109de3653592b85d6ce43e39,True
14.2C,stage14_2c_local_sse_heading,local-sse-heading-10deg-99d5ff795b79,local-sse-heading-10deg-99d5ff795b79-r002,completed,,,heading_spacing_deg,10.0,12.170426099999531,11.736499800001184,128081920,0.952687238683972,0.7843318987084812,2,26,7d8a14d528f00c78409a36f48c3c78c923bd9cad109de3653592b85d6ce43e39,True
14.2C,stage14_2c_local_sse_switching,local-sse-switch-contour-6-aee51a45bb4c,local-sse-switch-contour-6-aee51a45bb4c-r000,completed,,,switching_contour_sample_count,6,17.285000399999262,16.876671500000157,200622080,0.1918606116922587,0.014278006923464828,0,16,80ad8a18d7594049c34751159b336262840993d85b8842d0fce5ede245a92607,True
14.2C,stage14_2c_local_sse_switching,local-sse-switch-contour-6-aee51a45bb4c,local-sse-switch-contour-6-aee51a45bb4c-r001,completed,,,switching_contour_sample_count,6,17.25424759999987,16.864387500001612,199880704,0.1918606116922587,0.014278006923464828,0,16,80ad8a18d7594049c34751159b336262840993d85b8842d0fce5ede245a92607,True
14.2C,stage14_2c_local_sse_switching,local-sse-switch-contour-6-aee51a45bb4c,local-sse-switch-contour-6-aee51a45bb4c-r002,completed,,,switching_contour_sample_count,6,17.471023899999636,17.047139800000878,200318976,0.1918606116922587,0.014278006923464828,0,16,80ad8a18d7594049c34751159b336262840993d85b8842d0fce5ede245a92607,True
14.2C,stage14_2c_local_sse_switching,local-sse-switch-contour-9-7751ae19defd,local-sse-switch-contour-9-7751ae19defd-r000,completed,,,switching_contour_sample_count,9,44.37870010000006,43.96659870000076,204066816,0.950208719670526,0.7814935518630626,2,20,1b04efe2e841ddf3cd307acf09bdb1ca5a03cf3c3653aba49d1e7822bdf89d7a,True
14.2C,stage14_2c_local_sse_switching,local-sse-switch-contour-9-7751ae19defd,local-sse-switch-contour-9-7751ae19defd-r001,completed,,,switching_contour_sample_count,9,44.265245600001435,43.84018950000063,202756096,0.950208719670526,0.7814935518630626,2,20,1b04efe2e841ddf3cd307acf09bdb1ca5a03cf3c3653aba49d1e7822bdf89d7a,True
14.2C,stage14_2c_local_sse_switching,local-sse-switch-contour-9-7751ae19defd,local-sse-switch-contour-9-7751ae19defd-r002,completed,,,switching_contour_sample_count,9,44.818675199998324,44.387670699999944,202829824,0.950208719670526,0.7814935518630626,2,20,1b04efe2e841ddf3cd307acf09bdb1ca5a03cf3c3653aba49d1e7822bdf89d7a,True
14.2C,stage14_2c_local_sse_defender,local-sse-defender-count-2-4fcf6bf31f73,local-sse-defender-count-2-4fcf6bf31f73-r000,completed,,,defender_action_count,2,40.976541399999405,40.568966400000136,203804672,0.944086144839464,0.7814861193516704,1,26,827fe8228491a0469c901aed676fd640afac5870b094f2d62494678cd8acfb03,True
14.2C,stage14_2c_local_sse_defender,local-sse-defender-count-2-4fcf6bf31f73,local-sse-defender-count-2-4fcf6bf31f73-r001,completed,,,defender_action_count,2,41.05560440000045,40.61359099999936,203493376,0.944086144839464,0.7814861193516704,1,26,827fe8228491a0469c901aed676fd640afac5870b094f2d62494678cd8acfb03,True
14.2C,stage14_2c_local_sse_defender,local-sse-defender-count-2-4fcf6bf31f73,local-sse-defender-count-2-4fcf6bf31f73-r002,completed,,,defender_action_count,2,40.73168059999989,40.31558589999986,203505664,0.944086144839464,0.7814861193516704,1,26,827fe8228491a0469c901aed676fd640afac5870b094f2d62494678cd8acfb03,True
14.2C,stage14_2c_local_sse_defender,local-sse-defender-count-3-ba86435db2d4,local-sse-defender-count-3-ba86435db2d4-r000,completed,,,defender_action_count,3,19.35509439999987,18.891465300001073,201150464,0.18906376619883056,0.015043572080443185,0,34,2e2628015162b6fb0e5fc629f702af1f77795943c50c1f77fd970c6c4dfa3ca2,True
14.2C,stage14_2c_local_sse_defender,local-sse-defender-count-3-ba86435db2d4,local-sse-defender-count-3-ba86435db2d4-r001,completed,,,defender_action_count,3,19.18377370000053,18.759019400000398,200998912,0.18906376619883056,0.015043572080443185,0,34,2e2628015162b6fb0e5fc629f702af1f77795943c50c1f77fd970c6c4dfa3ca2,True
14.2C,stage14_2c_local_sse_defender,local-sse-defender-count-3-ba86435db2d4,local-sse-defender-count-3-ba86435db2d4-r002,completed,,,defender_action_count,3,19.31046239999887,18.876268700001674,201633792,0.18906376619883056,0.015043572080443185,0,34,2e2628015162b6fb0e5fc629f702af1f77795943c50c1f77fd970c6c4dfa3ca2,True
14.2C,stage14_2c_local_sse_defender,local-sse-defender-count-5-0eef97e47408,local-sse-defender-count-5-0eef97e47408-r000,completed,,,defender_action_count,5,19.485742600001686,19.054832999998325,201383936,0.18906376619883056,0.015043572080443185,0,34,2e2628015162b6fb0e5fc629f702af1f77795943c50c1f77fd970c6c4dfa3ca2,True
14.2C,stage14_2c_local_sse_defender,local-sse-defender-count-5-0eef97e47408,local-sse-defender-count-5-0eef97e47408-r001,completed,,,defender_action_count,5,19.502905199999077,19.060910899999726,199376896,0.18906376619883056,0.015043572080443185,0,34,2e2628015162b6fb0e5fc629f702af1f77795943c50c1f77fd970c6c4dfa3ca2,True
14.2C,stage14_2c_local_sse_defender,local-sse-defender-count-5-0eef97e47408,local-sse-defender-count-5-0eef97e47408-r002,completed,,,defender_action_count,5,19.316181599999254,18.88191580000057,201113600,0.18906376619883056,0.015043572080443185,0,34,2e2628015162b6fb0e5fc629f702af1f77795943c50c1f77fd970c6c4dfa3ca2,True
14.2C,stage14_2c_global_oracle_baseline,global-oracle-canonical-anchor-1e73ac12d4de,global-oracle-canonical-anchor-1e73ac12d4de-r000,completed,,,baseline_anchor,0,59.697362599999906,59.27433060000112,205475840,0.944086144839464,0.7814861193516704,2,26,827fe8228491a0469c901aed676fd640afac5870b094f2d62494678cd8acfb03,True
14.2C,stage14_2c_global_oracle_baseline,global-oracle-canonical-anchor-1e73ac12d4de,global-oracle-canonical-anchor-1e73ac12d4de-r001,completed,,,baseline_anchor,0,58.830654600000344,58.409136999998736,205864960,0.944086144839464,0.7814861193516704,2,26,827fe8228491a0469c901aed676fd640afac5870b094f2d62494678cd8acfb03,True
14.2C,stage14_2c_global_oracle_baseline,global-oracle-canonical-anchor-1e73ac12d4de,global-oracle-canonical-anchor-1e73ac12d4de-r002,completed,,,baseline_anchor,0,58.80155070000001,58.40248650000103,206139392,0.944086144839464,0.7814861193516704,2,26,827fe8228491a0469c901aed676fd640afac5870b094f2d62494678cd8acfb03,True
14.2C,stage14_2c_global_oracle_spatial,global-oracle-spatial-100m-327244e884b8,global-oracle-spatial-100m-327244e884b8-r000,completed,,,spatial_resolution_m,100.0,7.902117299998281,7.511610199999268,65593344,1.4049827579238952,0.912150500664634,2,26,91f6a4aa7c2edb29d55899913823c0969558eae38759e2bffc27ce34a32608a3,True
14.2C,stage14_2c_global_oracle_spatial,global-oracle-spatial-100m-327244e884b8,global-oracle-spatial-100m-327244e884b8-r001,completed,,,spatial_resolution_m,100.0,7.9318129000002955,7.5287363000006735,65605632,1.4049827579238952,0.912150500664634,2,26,91f6a4aa7c2edb29d55899913823c0969558eae38759e2bffc27ce34a32608a3,True
14.2C,stage14_2c_global_oracle_spatial,global-oracle-spatial-100m-327244e884b8,global-oracle-spatial-100m-327244e884b8-r002,completed,,,spatial_resolution_m,100.0,7.832381399999576,7.431165500000134,63016960,1.4049827579238952,0.912150500664634,2,26,91f6a4aa7c2edb29d55899913823c0969558eae38759e2bffc27ce34a32608a3,True
14.2C,stage14_2c_global_oracle_spatial,global-oracle-spatial-50m-9d6debde9b25,global-oracle-spatial-50m-9d6debde9b25-r000,completed,,,spatial_resolution_m,50.0,28.559310799999366,28.175567999998748,76431360,1.340553884072545,0.8938345470153469,2,38,af5756a788b7eac143700e6d6f125c8ebd771a46c6984078a629644cfc7ab8d5,True
14.2C,stage14_2c_global_oracle_spatial,global-oracle-spatial-50m-9d6debde9b25,global-oracle-spatial-50m-9d6debde9b25-r001,completed,,,spatial_resolution_m,50.0,28.923262400001477,28.534869299999627,76591104,1.340553884072545,0.8938345470153469,2,38,af5756a788b7eac143700e6d6f125c8ebd771a46c6984078a629644cfc7ab8d5,True
14.2C,stage14_2c_global_oracle_spatial,global-oracle-spatial-50m-9d6debde9b25,global-oracle-spatial-50m-9d6debde9b25-r002,completed,,,spatial_resolution_m,50.0,28.831194500000493,28.436136700000134,75960320,1.340553884072545,0.8938345470153469,2,38,af5756a788b7eac143700e6d6f125c8ebd771a46c6984078a629644cfc7ab8d5,True
14.2C,stage14_2c_global_oracle_heading,global-oracle-heading-15deg-0f610710b342,global-oracle-heading-15deg-0f610710b342-r000,completed,,,heading_spacing_deg,15.0,4.730001899999479,4.335439700000279,99504128,0.9697241814714522,0.7912859636040508,2,26,217ac0652b5c73ff43a31c54f47dfbdec37f4a088f82acf90f7f69a3dc52c609,True
14.2C,stage14_2c_global_oracle_heading,global-oracle-heading-15deg-0f610710b342,global-oracle-heading-15deg-0f610710b342-r001,completed,,,heading_spacing_deg,15.0,4.806776399998853,4.365279999999984,99667968,0.9697241814714522,0.7912859636040508,2,26,217ac0652b5c73ff43a31c54f47dfbdec37f4a088f82acf90f7f69a3dc52c609,True
14.2C,stage14_2c_global_oracle_heading,global-oracle-heading-15deg-0f610710b342,global-oracle-heading-15deg-0f610710b342-r002,completed,,,heading_spacing_deg,15.0,4.819018700000015,4.380340499999875,99221504,0.9697241814714522,0.7912859636040508,2,26,217ac0652b5c73ff43a31c54f47dfbdec37f4a088f82acf90f7f69a3dc52c609,True
14.2C,stage14_2c_global_oracle_heading,global-oracle-heading-10deg-918229a54b84,global-oracle-heading-10deg-918229a54b84-r000,completed,,,heading_spacing_deg,10.0,11.522153900001285,11.135299100000339,127180800,0.952687238683972,0.7843318987084812,2,26,7d8a14d528f00c78409a36f48c3c78c923bd9cad109de3653592b85d6ce43e39,True
14.2C,stage14_2c_global_oracle_heading,global-oracle-heading-10deg-918229a54b84,global-oracle-heading-10deg-918229a54b84-r001,completed,,,heading_spacing_deg,10.0,11.432972200000222,11.047308399998656,127594496,0.952687238683972,0.7843318987084812,2,26,7d8a14d528f00c78409a36f48c3c78c923bd9cad109de3653592b85d6ce43e39,True
14.2C,stage14_2c_global_oracle_heading,global-oracle-heading-10deg-918229a54b84,global-oracle-heading-10deg-918229a54b84-r002,completed,,,heading_spacing_deg,10.0,11.414337800000794,11.019661299998916,128188416,0.952687238683972,0.7843318987084812,2,26,7d8a14d528f00c78409a36f48c3c78c923bd9cad109de3653592b85d6ce43e39,True
14.2C,stage14_2c_global_oracle_switching,global-oracle-switch-contour-6-da814cd9ca50,global-oracle-switch-contour-6-da814cd9ca50-r000,completed,,,switching_contour_sample_count,6,28.227267599999323,27.842505900000106,202080256,0.9451630119996846,0.7814711306439309,2,13,2e5af003acf127d3ca850785cde60ed96542479b070b91aab0ce1fe5a9680722,True
14.2C,stage14_2c_global_oracle_switching,global-oracle-switch-contour-6-da814cd9ca50,global-oracle-switch-contour-6-da814cd9ca50-r001,completed,,,switching_contour_sample_count,6,28.220806999999695,27.821883599999637,202170368,0.9451630119996846,0.7814711306439309,2,13,2e5af003acf127d3ca850785cde60ed96542479b070b91aab0ce1fe5a9680722,True
14.2C,stage14_2c_global_oracle_switching,global-oracle-switch-contour-6-da814cd9ca50,global-oracle-switch-contour-6-da814cd9ca50-r002,completed,,,switching_contour_sample_count,6,28.58109510000031,28.184170099999392,202780672,0.9451630119996846,0.7814711306439309,2,13,2e5af003acf127d3ca850785cde60ed96542479b070b91aab0ce1fe5a9680722,True
14.2C,stage14_2c_global_oracle_switching,global-oracle-switch-contour-9-78ec96fbf287,global-oracle-switch-contour-9-78ec96fbf287-r000,completed,,,switching_contour_sample_count,9,41.58053169999948,41.18678700000055,203653120,0.950208719670526,0.7814935518630626,2,20,1b04efe2e841ddf3cd307acf09bdb1ca5a03cf3c3653aba49d1e7822bdf89d7a,True
14.2C,stage14_2c_global_oracle_switching,global-oracle-switch-contour-9-78ec96fbf287,global-oracle-switch-contour-9-78ec96fbf287-r001,completed,,,switching_contour_sample_count,9,41.69733390000147,41.27791380000053,205144064,0.950208719670526,0.7814935518630626,2,20,1b04efe2e841ddf3cd307acf09bdb1ca5a03cf3c3653aba49d1e7822bdf89d7a,True
14.2C,stage14_2c_global_oracle_switching,global-oracle-switch-contour-9-78ec96fbf287,global-oracle-switch-contour-9-78ec96fbf287-r002,completed,,,switching_contour_sample_count,9,41.74738690000049,41.33671179999874,203272192,0.950208719670526,0.7814935518630626,2,20,1b04efe2e841ddf3cd307acf09bdb1ca5a03cf3c3653aba49d1e7822bdf89d7a,True
14.2C,stage14_2c_global_oracle_defender,global-oracle-defender-count-2-285658b91785,global-oracle-defender-count-2-285658b91785-r000,completed,,,defender_action_count,2,38.64592139999877,38.227541700000074,204529664,0.944086144839464,0.7814861193516704,1,26,827fe8228491a0469c901aed676fd640afac5870b094f2d62494678cd8acfb03,True
14.2C,stage14_2c_global_oracle_defender,global-oracle-defender-count-2-285658b91785,global-oracle-defender-count-2-285658b91785-r001,completed,,,defender_action_count,2,38.83021960000042,38.42430400000012,203661312,0.944086144839464,0.7814861193516704,1,26,827fe8228491a0469c901aed676fd640afac5870b094f2d62494678cd8acfb03,True
14.2C,stage14_2c_global_oracle_defender,global-oracle-defender-count-2-285658b91785,global-oracle-defender-count-2-285658b91785-r002,completed,,,defender_action_count,2,39.07957829999941,38.658650399998805,204066816,0.944086144839464,0.7814861193516704,1,26,827fe8228491a0469c901aed676fd640afac5870b094f2d62494678cd8acfb03,True
14.2C,stage14_2c_global_oracle_defender,global-oracle-defender-count-3-64ce341a5ade,global-oracle-defender-count-3-64ce341a5ade-r000,completed,,,defender_action_count,3,39.95642090000001,39.52578960000028,203735040,0.944086144839464,0.7814861193516704,2,26,827fe8228491a0469c901aed676fd640afac5870b094f2d62494678cd8acfb03,True
14.2C,stage14_2c_global_oracle_defender,global-oracle-defender-count-3-64ce341a5ade,global-oracle-defender-count-3-64ce341a5ade-r001,completed,,,defender_action_count,3,39.82617410000057,39.412574800000584,203612160,0.944086144839464,0.7814861193516704,2,26,827fe8228491a0469c901aed676fd640afac5870b094f2d62494678cd8acfb03,True
14.2C,stage14_2c_global_oracle_defender,global-oracle-defender-count-3-64ce341a5ade,global-oracle-defender-count-3-64ce341a5ade-r002,completed,,,defender_action_count,3,40.2886896,39.87574069999937,203915264,0.944086144839464,0.7814861193516704,2,26,827fe8228491a0469c901aed676fd640afac5870b094f2d62494678cd8acfb03,True
14.2C,stage14_2c_global_oracle_defender,global-oracle-defender-count-5-ffd9be48790c,global-oracle-defender-count-5-ffd9be48790c-r000,completed,,,defender_action_count,5,41.86069849999876,41.48064129999875,205287424,0.944086144839464,0.7814861193516704,4,26,827fe8228491a0469c901aed676fd640afac5870b094f2d62494678cd8acfb03,True
14.2C,stage14_2c_global_oracle_defender,global-oracle-defender-count-5-ffd9be48790c,global-oracle-defender-count-5-ffd9be48790c-r001,completed,,,defender_action_count,5,42.1561901999994,41.74851529999978,206331904,0.944086144839464,0.7814861193516704,4,26,827fe8228491a0469c901aed676fd640afac5870b094f2d62494678cd8acfb03,True
14.2C,stage14_2c_global_oracle_defender,global-oracle-defender-count-5-ffd9be48790c,global-oracle-defender-count-5-ffd9be48790c-r002,completed,,,defender_action_count,5,42.289601099999345,41.87861789999988,204607488,0.944086144839464,0.7814861193516704,4,26,827fe8228491a0469c901aed676fd640afac5870b094f2d62494678cd8acfb03,True
14.3,stage14_2c_global_oracle_baseline,global-oracle-canonical-anchor-1e73ac12d4de,global-oracle-canonical-anchor-1e73ac12d4de-r000,completed,,,baseline_anchor,0,59.697362599999906,59.27433060000112,205475840,0.944086144839464,0.7814861193516704,2,26,827fe8228491a0469c901aed676fd640afac5870b094f2d62494678cd8acfb03,True
14.3,stage14_2c_global_oracle_baseline,global-oracle-canonical-anchor-1e73ac12d4de,global-oracle-canonical-anchor-1e73ac12d4de-r001,completed,,,baseline_anchor,0,58.830654600000344,58.409136999998736,205864960,0.944086144839464,0.7814861193516704,2,26,827fe8228491a0469c901aed676fd640afac5870b094f2d62494678cd8acfb03,True
14.3,stage14_2c_global_oracle_baseline,global-oracle-canonical-anchor-1e73ac12d4de,global-oracle-canonical-anchor-1e73ac12d4de-r002,completed,,,baseline_anchor,0,58.80155070000001,58.40248650000103,206139392,0.944086144839464,0.7814861193516704,2,26,827fe8228491a0469c901aed676fd640afac5870b094f2d62494678cd8acfb03,True
14.3,stage14_2c_global_oracle_spatial,global-oracle-spatial-100m-327244e884b8,global-oracle-spatial-100m-327244e884b8-r000,completed,,,spatial_resolution_m,100.0,7.902117299998281,7.511610199999268,65593344,1.4049827579238952,0.912150500664634,2,26,91f6a4aa7c2edb29d55899913823c0969558eae38759e2bffc27ce34a32608a3,True
14.3,stage14_2c_global_oracle_spatial,global-oracle-spatial-100m-327244e884b8,global-oracle-spatial-100m-327244e884b8-r001,completed,,,spatial_resolution_m,100.0,7.9318129000002955,7.5287363000006735,65605632,1.4049827579238952,0.912150500664634,2,26,91f6a4aa7c2edb29d55899913823c0969558eae38759e2bffc27ce34a32608a3,True
14.3,stage14_2c_global_oracle_spatial,global-oracle-spatial-100m-327244e884b8,global-oracle-spatial-100m-327244e884b8-r002,completed,,,spatial_resolution_m,100.0,7.832381399999576,7.431165500000134,63016960,1.4049827579238952,0.912150500664634,2,26,91f6a4aa7c2edb29d55899913823c0969558eae38759e2bffc27ce34a32608a3,True
14.3,stage14_3_global_oracle_spatial,global-oracle-spatial-10p0m-75bac87ec5fd,global-oracle-spatial-10p0m-75bac87ec5fd-r000,completed,,,spatial_resolution_m,10.0,25.844399300003715,25.35800400000153,2255548416,0.28817767289340535,0.1926998964176631,1,25,e2f9e283bb26da7fedd283e66b027e1a8c0d36c5edd32de0ff97584eefd9f6c2,True
14.3,stage14_3_global_oracle_spatial,global-oracle-spatial-10p0m-75bac87ec5fd,global-oracle-spatial-10p0m-75bac87ec5fd-r001,completed,,,spatial_resolution_m,10.0,25.682983900005638,25.215006500002346,2256056320,0.28817767289340535,0.1926998964176631,1,25,e2f9e283bb26da7fedd283e66b027e1a8c0d36c5edd32de0ff97584eefd9f6c2,True
14.3,stage14_3_global_oracle_spatial,global-oracle-spatial-10p0m-75bac87ec5fd,global-oracle-spatial-10p0m-75bac87ec5fd-r002,completed,,,spatial_resolution_m,10.0,26.17837359999976,25.682440600001428,2240978944,0.28817767289340535,0.1926998964176631,1,25,e2f9e283bb26da7fedd283e66b027e1a8c0d36c5edd32de0ff97584eefd9f6c2,True
14.3,stage14_3_global_oracle_spatial,global-oracle-spatial-11p11111111111111m-dce0fc8b6d5d,global-oracle-spatial-11p11111111111111m-dce0fc8b6d5d-r000,worker_failure,nonzero_worker_exit,"Traceback (most recent call last):
  File ""C:\Users\jeffe\Desktop\git\glider_hybrid_control\3D_0827\stage14_3_worker.py"", line 65, in <module>
    main()
    ~~~~^^
  File ""C:\Users\jeffe\Desktop\git\glider_hybrid_control\3D_0827\stage14_3_worker.py"", line 59, in main
    payload = run_worker(configuration)
  File ""C:\Users\jeffe\Desktop\git\glider_hybrid_control\3D_0827\stage14_3_worker.py"", line 30, in run_worker
    payload = run_worker_case(configuration)
  File ""C:\Users\jeffe\Desktop\git\glider_hybrid_control\3D_0827\stage14_2c_worker.py"", line 459, in run_worker_case
    payload = _global_payload(configuration)
  File ""C:\Users\jeffe\Desktop\git\glider_hybrid_control\3D_0827\stage14_2c_worker.py"", line 384, in _global_payload
    timing = decompose_exact_sse_timing(run, validation_time_s=validation_s)
  File ""C:\Users\jeffe\Desktop\git\glider_hybrid_control\3D_0827\stage14_profiling.py"", line 126, in decompose_exact_sse_timing
    residual = _nonnegative_residual(
        timing.total_attacker_br_s,
        named_parts,
        ""Attacker best-response"",
    )
  File ""C:\Users\jeffe\Desktop\git\glider_hybrid_control\3D_0827\stage14_profiling.py"", line 95, in _nonnegative_residual
    raise RuntimeError(f""{name} timing components exceed their enclosing wall time"")
RuntimeError: Attacker best-response timing components exceed their enclosing wall time",spatial_resolution_m,11.11111111111111,19.857473899995966,,1636089856,,,,,,
14.3,stage14_3_global_oracle_spatial,global-oracle-spatial-11p11111111111111m-dce0fc8b6d5d,global-oracle-spatial-11p11111111111111m-dce0fc8b6d5d-r001,worker_failure,nonzero_worker_exit,"Traceback (most recent call last):
  File ""C:\Users\jeffe\Desktop\git\glider_hybrid_control\3D_0827\stage14_3_worker.py"", line 65, in <module>
    main()
    ~~~~^^
  File ""C:\Users\jeffe\Desktop\git\glider_hybrid_control\3D_0827\stage14_3_worker.py"", line 59, in main
    payload = run_worker(configuration)
  File ""C:\Users\jeffe\Desktop\git\glider_hybrid_control\3D_0827\stage14_3_worker.py"", line 30, in run_worker
    payload = run_worker_case(configuration)
  File ""C:\Users\jeffe\Desktop\git\glider_hybrid_control\3D_0827\stage14_2c_worker.py"", line 459, in run_worker_case
    payload = _global_payload(configuration)
  File ""C:\Users\jeffe\Desktop\git\glider_hybrid_control\3D_0827\stage14_2c_worker.py"", line 384, in _global_payload
    timing = decompose_exact_sse_timing(run, validation_time_s=validation_s)
  File ""C:\Users\jeffe\Desktop\git\glider_hybrid_control\3D_0827\stage14_profiling.py"", line 126, in decompose_exact_sse_timing
    residual = _nonnegative_residual(
        timing.total_attacker_br_s,
        named_parts,
        ""Attacker best-response"",
    )
  File ""C:\Users\jeffe\Desktop\git\glider_hybrid_control\3D_0827\stage14_profiling.py"", line 95, in _nonnegative_residual
    raise RuntimeError(f""{name} timing components exceed their enclosing wall time"")
RuntimeError: Attacker best-response timing components exceed their enclosing wall time",spatial_resolution_m,11.11111111111111,19.22601150000264,,1631842304,,,,,,
14.3,stage14_3_global_oracle_spatial,global-oracle-spatial-11p11111111111111m-dce0fc8b6d5d,global-oracle-spatial-11p11111111111111m-dce0fc8b6d5d-r002,worker_failure,nonzero_worker_exit,"Traceback (most recent call last):
  File ""C:\Users\jeffe\Desktop\git\glider_hybrid_control\3D_0827\stage14_3_worker.py"", line 65, in <module>
    main()
    ~~~~^^
  File ""C:\Users\jeffe\Desktop\git\glider_hybrid_control\3D_0827\stage14_3_worker.py"", line 59, in main
    payload = run_worker(configuration)
  File ""C:\Users\jeffe\Desktop\git\glider_hybrid_control\3D_0827\stage14_3_worker.py"", line 30, in run_worker
    payload = run_worker_case(configuration)
  File ""C:\Users\jeffe\Desktop\git\glider_hybrid_control\3D_0827\stage14_2c_worker.py"", line 459, in run_worker_case
    payload = _global_payload(configuration)
  File ""C:\Users\jeffe\Desktop\git\glider_hybrid_control\3D_0827\stage14_2c_worker.py"", line 384, in _global_payload
    timing = decompose_exact_sse_timing(run, validation_time_s=validation_s)
  File ""C:\Users\jeffe\Desktop\git\glider_hybrid_control\3D_0827\stage14_profiling.py"", line 126, in decompose_exact_sse_timing
    residual = _nonnegative_residual(
        timing.total_attacker_br_s,
        named_parts,
        ""Attacker best-response"",
    )
  File ""C:\Users\jeffe\Desktop\git\glider_hybrid_control\3D_0827\stage14_profiling.py"", line 95, in _nonnegative_residual
    raise RuntimeError(f""{name} timing components exceed their enclosing wall time"")
RuntimeError: Attacker best-response timing components exceed their enclosing wall time",spatial_resolution_m,11.11111111111111,19.483662699996785,,1632096256,,,,,,
14.3,stage14_3_global_oracle_spatial,global-oracle-spatial-12p5m-9ce2768d5aed,global-oracle-spatial-12p5m-9ce2768d5aed-r000,worker_failure,nonzero_worker_exit,"Traceback (most recent call last):
  File ""C:\Users\jeffe\Desktop\git\glider_hybrid_control\3D_0827\stage14_3_worker.py"", line 65, in <module>
    main()
    ~~~~^^
  File ""C:\Users\jeffe\Desktop\git\glider_hybrid_control\3D_0827\stage14_3_worker.py"", line 59, in main
    payload = run_worker(configuration)
  File ""C:\Users\jeffe\Desktop\git\glider_hybrid_control\3D_0827\stage14_3_worker.py"", line 30, in run_worker
    payload = run_worker_case(configuration)
  File ""C:\Users\jeffe\Desktop\git\glider_hybrid_control\3D_0827\stage14_2c_worker.py"", line 388, in run_worker_case
    payload = _global_payload(configuration)
  File ""C:\Users\jeffe\Desktop\git\glider_hybrid_control\3D_0827\stage14_2c_worker.py"", line 340, in _global_payload
    timing = decompose_exact_sse_timing(run, validation_time_s=validation_s)
  File ""C:\Users\jeffe\Desktop\git\glider_hybrid_control\3D_0827\stage14_profiling.py"", line 126, in decompose_exact_sse_timing
    residual = _nonnegative_residual(
        timing.total_attacker_br_s,
        named_parts,
        ""Attacker best-response"",
    )
  File ""C:\Users\jeffe\Desktop\git\glider_hybrid_control\3D_0827\stage14_profiling.py"", line 95, in _nonnegative_residual
    raise RuntimeError(f""{name} timing components exceed their enclosing wall time"")
RuntimeError: Attacker best-response timing components exceed their enclosing wall time",spatial_resolution_m,12.5,52.69813840000279,,1190060032,,,,,,
14.3,stage14_3_global_oracle_spatial,global-oracle-spatial-12p5m-9ce2768d5aed,global-oracle-spatial-12p5m-9ce2768d5aed-r001,worker_failure,nonzero_worker_exit,"Traceback (most recent call last):
  File ""C:\Users\jeffe\Desktop\git\glider_hybrid_control\3D_0827\stage14_3_worker.py"", line 65, in <module>
    main()
    ~~~~^^
  File ""C:\Users\jeffe\Desktop\git\glider_hybrid_control\3D_0827\stage14_3_worker.py"", line 59, in main
    payload = run_worker(configuration)
  File ""C:\Users\jeffe\Desktop\git\glider_hybrid_control\3D_0827\stage14_3_worker.py"", line 30, in run_worker
    payload = run_worker_case(configuration)
  File ""C:\Users\jeffe\Desktop\git\glider_hybrid_control\3D_0827\stage14_2c_worker.py"", line 388, in run_worker_case
    payload = _global_payload(configuration)
  File ""C:\Users\jeffe\Desktop\git\glider_hybrid_control\3D_0827\stage14_2c_worker.py"", line 340, in _global_payload
    timing = decompose_exact_sse_timing(run, validation_time_s=validation_s)
  File ""C:\Users\jeffe\Desktop\git\glider_hybrid_control\3D_0827\stage14_profiling.py"", line 126, in decompose_exact_sse_timing
    residual = _nonnegative_residual(
        timing.total_attacker_br_s,
        named_parts,
        ""Attacker best-response"",
    )
  File ""C:\Users\jeffe\Desktop\git\glider_hybrid_control\3D_0827\stage14_profiling.py"", line 95, in _nonnegative_residual
    raise RuntimeError(f""{name} timing components exceed their enclosing wall time"")
RuntimeError: Attacker best-response timing components exceed their enclosing wall time",spatial_resolution_m,12.5,52.572716599999694,,1178763264,,,,,,
14.3,stage14_3_global_oracle_spatial,global-oracle-spatial-12p5m-9ce2768d5aed,global-oracle-spatial-12p5m-9ce2768d5aed-r002,worker_failure,nonzero_worker_exit,"Traceback (most recent call last):
  File ""C:\Users\jeffe\Desktop\git\glider_hybrid_control\3D_0827\stage14_3_worker.py"", line 65, in <module>
    main()
    ~~~~^^
  File ""C:\Users\jeffe\Desktop\git\glider_hybrid_control\3D_0827\stage14_3_worker.py"", line 59, in main
    payload = run_worker(configuration)
  File ""C:\Users\jeffe\Desktop\git\glider_hybrid_control\3D_0827\stage14_3_worker.py"", line 30, in run_worker
    payload = run_worker_case(configuration)
  File ""C:\Users\jeffe\Desktop\git\glider_hybrid_control\3D_0827\stage14_2c_worker.py"", line 388, in run_worker_case
    payload = _global_payload(configuration)
  File ""C:\Users\jeffe\Desktop\git\glider_hybrid_control\3D_0827\stage14_2c_worker.py"", line 340, in _global_payload
    timing = decompose_exact_sse_timing(run, validation_time_s=validation_s)
  File ""C:\Users\jeffe\Desktop\git\glider_hybrid_control\3D_0827\stage14_profiling.py"", line 126, in decompose_exact_sse_timing
    residual = _nonnegative_residual(
        timing.total_attacker_br_s,
        named_parts,
        ""Attacker best-response"",
    )
  File ""C:\Users\jeffe\Desktop\git\glider_hybrid_control\3D_0827\stage14_profiling.py"", line 95, in _nonnegative_residual
    raise RuntimeError(f""{name} timing components exceed their enclosing wall time"")
RuntimeError: Attacker best-response timing components exceed their enclosing wall time",spatial_resolution_m,12.5,52.59370560000025,,1186119680,,,,,,
14.3,stage14_3_global_oracle_spatial,global-oracle-spatial-14p285714285714286m-bcc11cb3c8b4,global-oracle-spatial-14p285714285714286m-bcc11cb3c8b4-r000,completed,,,spatial_resolution_m,14.285714285714286,13.17889219999779,12.7068763999996,807895040,0.30973128763458896,0.20684149654063252,1,46,829640ea4d9c62e86d42c775e3cb9bf7c78f36dccf96347f6d59a1f43c14ab74,True
14.3,stage14_3_global_oracle_spatial,global-oracle-spatial-14p285714285714286m-bcc11cb3c8b4,global-oracle-spatial-14p285714285714286m-bcc11cb3c8b4-r001,completed,,,spatial_resolution_m,14.285714285714286,13.315360699998564,12.859494299998914,803012608,0.30973128763458896,0.20684149654063252,1,46,829640ea4d9c62e86d42c775e3cb9bf7c78f36dccf96347f6d59a1f43c14ab74,True
14.3,stage14_3_global_oracle_spatial,global-oracle-spatial-14p285714285714286m-bcc11cb3c8b4,global-oracle-spatial-14p285714285714286m-bcc11cb3c8b4-r002,completed,,,spatial_resolution_m,14.285714285714286,12.970115300006,12.531413500000781,804564992,0.30973128763458896,0.20684149654063252,1,46,829640ea4d9c62e86d42c775e3cb9bf7c78f36dccf96347f6d59a1f43c14ab74,True
14.3,stage14_3_global_oracle_spatial,global-oracle-spatial-16p666666666666668m-95a5489b2272,global-oracle-spatial-16p666666666666668m-95a5489b2272-r000,completed,,,spatial_resolution_m,16.666666666666668,33.814056899995194,33.33837059999496,533753856,0.29812053407121986,0.20692958228904723,1,34,ca3740ffd0f6965bf1652c8ab01bcd1056678a830f94b5373b3c2c548a9c7973,True
14.3,stage14_3_global_oracle_spatial,global-oracle-spatial-16p666666666666668m-95a5489b2272,global-oracle-spatial-16p666666666666668m-95a5489b2272-r001,completed,,,spatial_resolution_m,16.666666666666668,33.502821800000675,33.07424739999988,533917696,0.29812053407121986,0.20692958228904723,1,34,ca3740ffd0f6965bf1652c8ab01bcd1056678a830f94b5373b3c2c548a9c7973,True
14.3,stage14_3_global_oracle_spatial,global-oracle-spatial-16p666666666666668m-95a5489b2272,global-oracle-spatial-16p666666666666668m-95a5489b2272-r002,completed,,,spatial_resolution_m,16.666666666666668,33.52260379999643,33.07661240000016,533737472,0.29812053407121986,0.20692958228904723,1,34,ca3740ffd0f6965bf1652c8ab01bcd1056678a830f94b5373b3c2c548a9c7973,True
14.3,stage14_3_global_oracle_spatial,global-oracle-spatial-20p0m-86da0d42eca2,global-oracle-spatial-20p0m-86da0d42eca2-r000,completed,,,spatial_resolution_m,20.0,8.923462599999766,8.409786600001098,332144640,0.3130444517693126,0.20388511678312862,1,37,f80ef3e06ba3c4339f5152e1d99e45e4ceda782af1b686e4702799860ccaed9b,True
14.3,stage14_3_global_oracle_spatial,global-oracle-spatial-20p0m-86da0d42eca2,global-oracle-spatial-20p0m-86da0d42eca2-r001,completed,,,spatial_resolution_m,20.0,8.886504299996886,8.425328000001173,330416128,0.3130444517693126,0.20388511678312862,1,37,f80ef3e06ba3c4339f5152e1d99e45e4ceda782af1b686e4702799860ccaed9b,True
14.3,stage14_3_global_oracle_spatial,global-oracle-spatial-20p0m-86da0d42eca2,global-oracle-spatial-20p0m-86da0d42eca2-r002,completed,,,spatial_resolution_m,20.0,8.800542699998914,8.327944599997863,332447744,0.3130444517693126,0.20388511678312862,1,37,f80ef3e06ba3c4339f5152e1d99e45e4ceda782af1b686e4702799860ccaed9b,True
14.3,stage14_3_global_oracle_spatial,global-oracle-spatial-33p333333333333336m-6b2ad78547d4,global-oracle-spatial-33p333333333333336m-6b2ad78547d4-r000,completed,,,spatial_resolution_m,33.333333333333336,8.342251100002613,7.898639600003662,113528832,0.33294611207062663,0.22880191376647036,1,37,38a8e1adc6a0ba61fba66086e654a081f79242685403dd9742c74b0e6a57110a,True
14.3,stage14_3_global_oracle_spatial,global-oracle-spatial-33p333333333333336m-6b2ad78547d4,global-oracle-spatial-33p333333333333336m-6b2ad78547d4-r001,completed,,,spatial_resolution_m,33.333333333333336,8.342375000000175,7.913701700003003,113283072,0.33294611207062663,0.22880191376647036,1,37,38a8e1adc6a0ba61fba66086e654a081f79242685403dd9742c74b0e6a57110a,True
14.3,stage14_3_global_oracle_spatial,global-oracle-spatial-33p333333333333336m-6b2ad78547d4,global-oracle-spatial-33p333333333333336m-6b2ad78547d4-r002,completed,,,spatial_resolution_m,33.333333333333336,8.298177900003793,7.881203999997524,112787456,0.33294611207062663,0.22880191376647036,1,37,38a8e1adc6a0ba61fba66086e654a081f79242685403dd9742c74b0e6a57110a,True
14.3,stage14_2c_global_oracle_spatial,global-oracle-spatial-50m-9d6debde9b25,global-oracle-spatial-50m-9d6debde9b25-r000,completed,,,spatial_resolution_m,50.0,28.559310799999366,28.175567999998748,76431360,1.340553884072545,0.8938345470153469,2,38,af5756a788b7eac143700e6d6f125c8ebd771a46c6984078a629644cfc7ab8d5,True
14.3,stage14_2c_global_oracle_spatial,global-oracle-spatial-50m-9d6debde9b25,global-oracle-spatial-50m-9d6debde9b25-r001,completed,,,spatial_resolution_m,50.0,28.923262400001477,28.534869299999627,76591104,1.340553884072545,0.8938345470153469,2,38,af5756a788b7eac143700e6d6f125c8ebd771a46c6984078a629644cfc7ab8d5,True
14.3,stage14_2c_global_oracle_spatial,global-oracle-spatial-50m-9d6debde9b25,global-oracle-spatial-50m-9d6debde9b25-r002,completed,,,spatial_resolution_m,50.0,28.831194500000493,28.436136700000134,75960320,1.340553884072545,0.8938345470153469,2,38,af5756a788b7eac143700e6d6f125c8ebd771a46c6984078a629644cfc7ab8d5,True
14.3,stage14_3_global_oracle_spatial,global-oracle-spatial-5p0m-ebb084baf4fb,global-oracle-spatial-5p0m-ebb084baf4fb-r000,memory_limit,memory_limit,"parent-enforced memory_limit: timeout_s=600.0, memory_limit_bytes=4294967296",spatial_resolution_m,5.0,1.1858579000036116,,4406923264,,,,,,
14.3,stage14_3_global_oracle_spatial,global-oracle-spatial-5p0m-ebb084baf4fb,global-oracle-spatial-5p0m-ebb084baf4fb-r001,memory_limit,memory_limit,"parent-enforced memory_limit: timeout_s=600.0, memory_limit_bytes=4294967296",spatial_resolution_m,5.0,1.156769399996847,,4523528192,,,,,,
14.3,stage14_3_global_oracle_spatial,global-oracle-spatial-5p0m-ebb084baf4fb,global-oracle-spatial-5p0m-ebb084baf4fb-r002,memory_limit,memory_limit,"parent-enforced memory_limit: timeout_s=600.0, memory_limit_bytes=4294967296",spatial_resolution_m,5.0,1.144820500005153,,4411473920,,,,,,
14.3,stage14_3_global_oracle_spatial,global-oracle-spatial-5p2631578947368425m-13c93aa73387,global-oracle-spatial-5p2631578947368425m-13c93aa73387-r000,memory_limit,memory_limit,"parent-enforced memory_limit: timeout_s=600.0, memory_limit_bytes=4294967296",spatial_resolution_m,5.2631578947368425,1.19890149999992,,4497711104,,,,,,
14.3,stage14_3_global_oracle_spatial,global-oracle-spatial-5p2631578947368425m-13c93aa73387,global-oracle-spatial-5p2631578947368425m-13c93aa73387-r001,memory_limit,memory_limit,"parent-enforced memory_limit: timeout_s=600.0, memory_limit_bytes=4294967296",spatial_resolution_m,5.2631578947368425,1.1910093000042252,,4454522880,,,,,,
14.3,stage14_3_global_oracle_spatial,global-oracle-spatial-5p2631578947368425m-13c93aa73387,global-oracle-spatial-5p2631578947368425m-13c93aa73387-r002,memory_limit,memory_limit,"parent-enforced memory_limit: timeout_s=600.0, memory_limit_bytes=4294967296",spatial_resolution_m,5.2631578947368425,1.1447173999986262,,4473016320,,,,,,
14.3,stage14_3_global_oracle_spatial,global-oracle-spatial-5p555555555555555m-39bd27060655,global-oracle-spatial-5p555555555555555m-39bd27060655-r000,memory_limit,memory_limit,"parent-enforced memory_limit: timeout_s=600.0, memory_limit_bytes=4294967296",spatial_resolution_m,5.555555555555555,1.183695899999293,,4438536192,,,,,,
14.3,stage14_3_global_oracle_spatial,global-oracle-spatial-5p555555555555555m-39bd27060655,global-oracle-spatial-5p555555555555555m-39bd27060655-r001,memory_limit,memory_limit,"parent-enforced memory_limit: timeout_s=600.0, memory_limit_bytes=4294967296",spatial_resolution_m,5.555555555555555,1.1747322000010172,,4416761856,,,,,,
14.3,stage14_3_global_oracle_spatial,global-oracle-spatial-5p555555555555555m-39bd27060655,global-oracle-spatial-5p555555555555555m-39bd27060655-r002,memory_limit,memory_limit,"parent-enforced memory_limit: timeout_s=600.0, memory_limit_bytes=4294967296",spatial_resolution_m,5.555555555555555,1.145077900000615,,4438274048,,,,,,
14.3,stage14_3_global_oracle_spatial,global-oracle-spatial-5p882352941176471m-f803b0224e1d,global-oracle-spatial-5p882352941176471m-f803b0224e1d-r000,memory_limit,memory_limit,"parent-enforced memory_limit: timeout_s=600.0, memory_limit_bytes=4294967296",spatial_resolution_m,5.882352941176471,156.71629530000064,,4358103040,,,,,,
14.3,stage14_3_global_oracle_spatial,global-oracle-spatial-5p882352941176471m-f803b0224e1d,global-oracle-spatial-5p882352941176471m-f803b0224e1d-r001,memory_limit,memory_limit,"parent-enforced memory_limit: timeout_s=600.0, memory_limit_bytes=4294967296",spatial_resolution_m,5.882352941176471,141.46589909999602,,4301488128,,,,,,
14.3,stage14_3_global_oracle_spatial,global-oracle-spatial-5p882352941176471m-f803b0224e1d,global-oracle-spatial-5p882352941176471m-f803b0224e1d-r002,memory_limit,memory_limit,"parent-enforced memory_limit: timeout_s=600.0, memory_limit_bytes=4294967296",spatial_resolution_m,5.882352941176471,159.57848849999573,,4333805568,,,,,,
14.3,stage14_3_global_oracle_spatial,global-oracle-spatial-6p25m-361093623a41,global-oracle-spatial-6p25m-361093623a41-r000,memory_limit,memory_limit,"parent-enforced memory_limit: timeout_s=600.0, memory_limit_bytes=4294967296",spatial_resolution_m,6.25,212.31204230000003,,4349026304,,,,,,
14.3,stage14_3_global_oracle_spatial,global-oracle-spatial-6p25m-361093623a41,global-oracle-spatial-6p25m-361093623a41-r001,memory_limit,memory_limit,"parent-enforced memory_limit: timeout_s=600.0, memory_limit_bytes=4294967296",spatial_resolution_m,6.25,219.48040890000266,,4360347648,,,,,,
14.3,stage14_3_global_oracle_spatial,global-oracle-spatial-6p25m-361093623a41,global-oracle-spatial-6p25m-361093623a41-r002,memory_limit,memory_limit,"parent-enforced memory_limit: timeout_s=600.0, memory_limit_bytes=4294967296",spatial_resolution_m,6.25,189.28425649999554,,4418560000,,,,,,
14.3,stage14_3_global_oracle_spatial,global-oracle-spatial-6p666666666666667m-4c3eb063ac0c,global-oracle-spatial-6p666666666666667m-4c3eb063ac0c-r000,memory_limit,memory_limit,"parent-enforced memory_limit: timeout_s=600.0, memory_limit_bytes=4294967296",spatial_resolution_m,6.666666666666667,172.78047969999898,,4393480192,,,,,,
14.3,stage14_3_global_oracle_spatial,global-oracle-spatial-6p666666666666667m-4c3eb063ac0c,global-oracle-spatial-6p666666666666667m-4c3eb063ac0c-r001,memory_limit,memory_limit,"parent-enforced memory_limit: timeout_s=600.0, memory_limit_bytes=4294967296",spatial_resolution_m,6.666666666666667,170.86502219999966,,4339740672,,,,,,
14.3,stage14_3_global_oracle_spatial,global-oracle-spatial-6p666666666666667m-4c3eb063ac0c,global-oracle-spatial-6p666666666666667m-4c3eb063ac0c-r002,memory_limit,memory_limit,"parent-enforced memory_limit: timeout_s=600.0, memory_limit_bytes=4294967296",spatial_resolution_m,6.666666666666667,190.13978580000548,,4394274816,,,,,,
14.3,stage14_3_global_oracle_spatial,global-oracle-spatial-7p142857142857143m-68b29f553101,global-oracle-spatial-7p142857142857143m-68b29f553101-r000,memory_limit,memory_limit,"parent-enforced memory_limit: timeout_s=600.0, memory_limit_bytes=4294967296",spatial_resolution_m,7.142857142857143,149.81368429999566,,4394975232,,,,,,
14.3,stage14_3_global_oracle_spatial,global-oracle-spatial-7p142857142857143m-68b29f553101,global-oracle-spatial-7p142857142857143m-68b29f553101-r001,memory_limit,memory_limit,"parent-enforced memory_limit: timeout_s=600.0, memory_limit_bytes=4294967296",spatial_resolution_m,7.142857142857143,136.40165369999886,,4376150016,,,,,,
14.3,stage14_3_global_oracle_spatial,global-oracle-spatial-7p142857142857143m-68b29f553101,global-oracle-spatial-7p142857142857143m-68b29f553101-r002,memory_limit,memory_limit,"parent-enforced memory_limit: timeout_s=600.0, memory_limit_bytes=4294967296",spatial_resolution_m,7.142857142857143,149.5382266000015,,4398837760,,,,,,
14.3,stage14_3_global_oracle_spatial,global-oracle-spatial-7p6923076923076925m-0a777b90a886,global-oracle-spatial-7p6923076923076925m-0a777b90a886-r000,memory_limit,memory_limit,"parent-enforced memory_limit: timeout_s=600.0, memory_limit_bytes=4294967296",spatial_resolution_m,7.6923076923076925,28.537667900003726,,4334137344,,,,,,
14.3,stage14_3_global_oracle_spatial,global-oracle-spatial-7p6923076923076925m-0a777b90a886,global-oracle-spatial-7p6923076923076925m-0a777b90a886-r001,memory_limit,memory_limit,"parent-enforced memory_limit: timeout_s=600.0, memory_limit_bytes=4294967296",spatial_resolution_m,7.6923076923076925,28.363107899996976,,4333604864,,,,,,
14.3,stage14_3_global_oracle_spatial,global-oracle-spatial-7p6923076923076925m-0a777b90a886,global-oracle-spatial-7p6923076923076925m-0a777b90a886-r002,memory_limit,memory_limit,"parent-enforced memory_limit: timeout_s=600.0, memory_limit_bytes=4294967296",spatial_resolution_m,7.6923076923076925,28.34011730000202,,4399038464,,,,,,
14.3,stage14_3_global_oracle_spatial,global-oracle-spatial-8p333333333333334m-09ada69590d6,global-oracle-spatial-8p333333333333334m-09ada69590d6-r000,completed,,,spatial_resolution_m,8.333333333333334,39.66422949999833,39.069800999997824,3822510080,0.28477897596533963,0.1875871969971805,1,34,a8ac65d8c568f243ddc73eacbddb3cb7fa906cb2bd6c2648f3f83a8549936145,True
14.3,stage14_3_global_oracle_spatial,global-oracle-spatial-8p333333333333334m-09ada69590d6,global-oracle-spatial-8p333333333333334m-09ada69590d6-r001,completed,,,spatial_resolution_m,8.333333333333334,37.085601799997676,36.531622399998014,3816157184,0.28477897596533963,0.1875871969971805,1,34,a8ac65d8c568f243ddc73eacbddb3cb7fa906cb2bd6c2648f3f83a8549936145,True
14.3,stage14_3_global_oracle_spatial,global-oracle-spatial-8p333333333333334m-09ada69590d6,global-oracle-spatial-8p333333333333334m-09ada69590d6-r002,completed,,,spatial_resolution_m,8.333333333333334,37.53811029999633,36.98197889999574,3831664640,0.28477897596533963,0.1875871969971805,1,34,a8ac65d8c568f243ddc73eacbddb3cb7fa906cb2bd6c2648f3f83a8549936145,True
14.3,stage14_3_global_oracle_spatial,global-oracle-spatial-9p090909090909092m-fbc049fb8493,global-oracle-spatial-9p090909090909092m-fbc049fb8493-r000,worker_failure,nonzero_worker_exit,"Traceback (most recent call last):
  File ""C:\Users\jeffe\Desktop\git\glider_hybrid_control\3D_0827\stage14_3_worker.py"", line 65, in <module>
    main()
    ~~~~^^
  File ""C:\Users\jeffe\Desktop\git\glider_hybrid_control\3D_0827\stage14_3_worker.py"", line 59, in main
    payload = run_worker(configuration)
  File ""C:\Users\jeffe\Desktop\git\glider_hybrid_control\3D_0827\stage14_3_worker.py"", line 30, in run_worker
    payload = run_worker_case(configuration)
  File ""C:\Users\jeffe\Desktop\git\glider_hybrid_control\3D_0827\stage14_2c_worker.py"", line 459, in run_worker_case
    payload = _global_payload(configuration)
  File ""C:\Users\jeffe\Desktop\git\glider_hybrid_control\3D_0827\stage14_2c_worker.py"", line 350, in _global_payload
    run = run_finite_stackelberg(
        candidates,
    ...<3 lines>...
        reuse_reachability_graph=True,
    )
  File ""C:\Users\jeffe\Desktop\git\glider_hybrid_control\3D_0827\stackelberg_solver.py"", line 295, in run_finite_stackelberg
    raise RuntimeError(""no Defender action has a feasible Attacker response"")
RuntimeError: no Defender action has a feasible Attacker response",spatial_resolution_m,9.090909090909092,26.093234300002223,,2939097088,,,,,,
14.3,stage14_3_global_oracle_spatial,global-oracle-spatial-9p090909090909092m-fbc049fb8493,global-oracle-spatial-9p090909090909092m-fbc049fb8493-r001,worker_failure,nonzero_worker_exit,"Traceback (most recent call last):
  File ""C:\Users\jeffe\Desktop\git\glider_hybrid_control\3D_0827\stage14_3_worker.py"", line 65, in <module>
    main()
    ~~~~^^
  File ""C:\Users\jeffe\Desktop\git\glider_hybrid_control\3D_0827\stage14_3_worker.py"", line 59, in main
    payload = run_worker(configuration)
  File ""C:\Users\jeffe\Desktop\git\glider_hybrid_control\3D_0827\stage14_3_worker.py"", line 30, in run_worker
    payload = run_worker_case(configuration)
  File ""C:\Users\jeffe\Desktop\git\glider_hybrid_control\3D_0827\stage14_2c_worker.py"", line 459, in run_worker_case
    payload = _global_payload(configuration)
  File ""C:\Users\jeffe\Desktop\git\glider_hybrid_control\3D_0827\stage14_2c_worker.py"", line 350, in _global_payload
    run = run_finite_stackelberg(
        candidates,
    ...<3 lines>...
        reuse_reachability_graph=True,
    )
  File ""C:\Users\jeffe\Desktop\git\glider_hybrid_control\3D_0827\stackelberg_solver.py"", line 295, in run_finite_stackelberg
    raise RuntimeError(""no Defender action has a feasible Attacker response"")
RuntimeError: no Defender action has a feasible Attacker response",spatial_resolution_m,9.090909090909092,23.94401579999976,,2908528640,,,,,,
14.3,stage14_3_global_oracle_spatial,global-oracle-spatial-9p090909090909092m-fbc049fb8493,global-oracle-spatial-9p090909090909092m-fbc049fb8493-r002,worker_failure,nonzero_worker_exit,"Traceback (most recent call last):
  File ""C:\Users\jeffe\Desktop\git\glider_hybrid_control\3D_0827\stage14_3_worker.py"", line 65, in <module>
    main()
    ~~~~^^
  File ""C:\Users\jeffe\Desktop\git\glider_hybrid_control\3D_0827\stage14_3_worker.py"", line 59, in main
    payload = run_worker(configuration)
  File ""C:\Users\jeffe\Desktop\git\glider_hybrid_control\3D_0827\stage14_3_worker.py"", line 30, in run_worker
    payload = run_worker_case(configuration)
  File ""C:\Users\jeffe\Desktop\git\glider_hybrid_control\3D_0827\stage14_2c_worker.py"", line 459, in run_worker_case
    payload = _global_payload(configuration)
  File ""C:\Users\jeffe\Desktop\git\glider_hybrid_control\3D_0827\stage14_2c_worker.py"", line 350, in _global_payload
    run = run_finite_stackelberg(
        candidates,
    ...<3 lines>...
        reuse_reachability_graph=True,
    )
  File ""C:\Users\jeffe\Desktop\git\glider_hybrid_control\3D_0827\stackelberg_solver.py"", line 295, in run_finite_stackelberg
    raise RuntimeError(""no Defender action has a feasible Attacker response"")
RuntimeError: no Defender action has a feasible Attacker response",spatial_resolution_m,9.090909090909092,24.504419299999427,,2959544320,,,,,,
14.3,stage14_2c_local_sse_baseline,local-sse-canonical-anchor-4f8cae874bcf,local-sse-canonical-anchor-4f8cae874bcf-r000,completed,,,baseline_anchor,0,59.75405150000006,59.35264140000072,207331328,0.944086144839464,0.7814861193516704,2,26,827fe8228491a0469c901aed676fd640afac5870b094f2d62494678cd8acfb03,True
14.3,stage14_2c_local_sse_baseline,local-sse-canonical-anchor-4f8cae874bcf,local-sse-canonical-anchor-4f8cae874bcf-r001,completed,,,baseline_anchor,0,58.83594719999928,58.419353899998896,208084992,0.944086144839464,0.7814861193516704,2,26,827fe8228491a0469c901aed676fd640afac5870b094f2d62494678cd8acfb03,True
14.3,stage14_2c_local_sse_baseline,local-sse-canonical-anchor-4f8cae874bcf,local-sse-canonical-anchor-4f8cae874bcf-r002,completed,,,baseline_anchor,0,59.04784499999914,58.59568979999858,205639680,0.944086144839464,0.7814861193516704,2,26,827fe8228491a0469c901aed676fd640afac5870b094f2d62494678cd8acfb03,True
14.3,stage14_2c_local_sse_spatial,local-sse-spatial-100m-48fa3d04001e,local-sse-spatial-100m-48fa3d04001e-r000,completed,,,spatial_resolution_m,100.0,8.272922399999516,7.847691900000427,66641920,1.4049827579238952,0.912150500664634,2,26,91f6a4aa7c2edb29d55899913823c0969558eae38759e2bffc27ce34a32608a3,True
14.3,stage14_2c_local_sse_spatial,local-sse-spatial-100m-48fa3d04001e,local-sse-spatial-100m-48fa3d04001e-r001,completed,,,spatial_resolution_m,100.0,8.287150399999518,7.873652899999797,59498496,1.4049827579238952,0.912150500664634,2,26,91f6a4aa7c2edb29d55899913823c0969558eae38759e2bffc27ce34a32608a3,True
14.3,stage14_2c_local_sse_spatial,local-sse-spatial-100m-48fa3d04001e,local-sse-spatial-100m-48fa3d04001e-r002,completed,,,spatial_resolution_m,100.0,8.297129599999607,7.857608700000128,67223552,1.4049827579238952,0.912150500664634,2,26,91f6a4aa7c2edb29d55899913823c0969558eae38759e2bffc27ce34a32608a3,True
14.3,stage14_3_local_sse_spatial,local-sse-spatial-10p0m-fb8c66951b54,local-sse-spatial-10p0m-fb8c66951b54-r000,initial_defender_infeasible,initial_defender_infeasible,local SSE was not certified,spatial_resolution_m,10.0,15.34157899999991,,2237829120,,,,,,
14.3,stage14_3_local_sse_spatial,local-sse-spatial-10p0m-fb8c66951b54,local-sse-spatial-10p0m-fb8c66951b54-r001,initial_defender_infeasible,initial_defender_infeasible,local SSE was not certified,spatial_resolution_m,10.0,15.69684309999866,,2202230784,,,,,,
14.3,stage14_3_local_sse_spatial,local-sse-spatial-10p0m-fb8c66951b54,local-sse-spatial-10p0m-fb8c66951b54-r002,initial_defender_infeasible,initial_defender_infeasible,local SSE was not certified,spatial_resolution_m,10.0,15.38977480000176,,2204672000,,,,,,
14.3,stage14_3_local_sse_spatial,local-sse-spatial-11p11111111111111m-5a76a9e3f04c,local-sse-spatial-11p11111111111111m-5a76a9e3f04c-r000,initial_defender_infeasible,initial_defender_infeasible,local SSE was not certified,spatial_resolution_m,11.11111111111111,11.864750699998694,,1629249536,,,,,,
14.3,stage14_3_local_sse_spatial,local-sse-spatial-11p11111111111111m-5a76a9e3f04c,local-sse-spatial-11p11111111111111m-5a76a9e3f04c-r001,initial_defender_infeasible,initial_defender_infeasible,local SSE was not certified,spatial_resolution_m,11.11111111111111,11.859252299997024,,1622568960,,,,,,
14.3,stage14_3_local_sse_spatial,local-sse-spatial-11p11111111111111m-5a76a9e3f04c,local-sse-spatial-11p11111111111111m-5a76a9e3f04c-r002,initial_defender_infeasible,initial_defender_infeasible,local SSE was not certified,spatial_resolution_m,11.11111111111111,12.14111199999752,,1624301568,,,,,,
14.3,stage14_3_local_sse_spatial,local-sse-spatial-12p5m-aac68d27c7a2,local-sse-spatial-12p5m-aac68d27c7a2-r000,initial_defender_infeasible,initial_defender_infeasible,local SSE was not certified,spatial_resolution_m,12.5,9.781683699999121,,1162080256,,,,,,
14.3,stage14_3_local_sse_spatial,local-sse-spatial-12p5m-aac68d27c7a2,local-sse-spatial-12p5m-aac68d27c7a2-r001,initial_defender_infeasible,initial_defender_infeasible,local SSE was not certified,spatial_resolution_m,12.5,9.940045799998188,,1154686976,,,,,,
14.3,stage14_3_local_sse_spatial,local-sse-spatial-12p5m-aac68d27c7a2,local-sse-spatial-12p5m-aac68d27c7a2-r002,initial_defender_infeasible,initial_defender_infeasible,local SSE was not certified,spatial_resolution_m,12.5,9.481322100000398,,1136664576,,,,,,
14.3,stage14_3_local_sse_spatial,local-sse-spatial-14p285714285714286m-154ca6898472,local-sse-spatial-14p285714285714286m-154ca6898472-r000,initial_defender_infeasible,initial_defender_infeasible,local SSE was not certified,spatial_resolution_m,14.285714285714286,7.050889600002847,,782925824,,,,,,
14.3,stage14_3_local_sse_spatial,local-sse-spatial-14p285714285714286m-154ca6898472,local-sse-spatial-14p285714285714286m-154ca6898472-r001,initial_defender_infeasible,initial_defender_infeasible,local SSE was not certified,spatial_resolution_m,14.285714285714286,7.0302193000025,,799866880,,,,,,
14.3,stage14_3_local_sse_spatial,local-sse-spatial-14p285714285714286m-154ca6898472,local-sse-spatial-14p285714285714286m-154ca6898472-r002,initial_defender_infeasible,initial_defender_infeasible,local SSE was not certified,spatial_resolution_m,14.285714285714286,6.8845258000001195,,800190464,,,,,,
14.3,stage14_3_local_sse_spatial,local-sse-spatial-16p666666666666668m-c3135d631daf,local-sse-spatial-16p666666666666668m-c3135d631daf-r000,initial_defender_infeasible,initial_defender_infeasible,local SSE was not certified,spatial_resolution_m,16.666666666666668,5.080457200005185,,516771840,,,,,,
14.3,stage14_3_local_sse_spatial,local-sse-spatial-16p666666666666668m-c3135d631daf,local-sse-spatial-16p666666666666668m-c3135d631daf-r001,initial_defender_infeasible,initial_defender_infeasible,local SSE was not certified,spatial_resolution_m,16.666666666666668,5.226363000001584,,515584000,,,,,,
14.3,stage14_3_local_sse_spatial,local-sse-spatial-16p666666666666668m-c3135d631daf,local-sse-spatial-16p666666666666668m-c3135d631daf-r002,initial_defender_infeasible,initial_defender_infeasible,local SSE was not certified,spatial_resolution_m,16.666666666666668,5.124057299995911,,515465216,,,,,,
14.3,stage14_3_local_sse_spatial,local-sse-spatial-20p0m-d38252da4260,local-sse-spatial-20p0m-d38252da4260-r000,initial_defender_infeasible,initial_defender_infeasible,local SSE was not certified,spatial_resolution_m,20.0,4.065615700001217,,322621440,,,,,,
14.3,stage14_3_local_sse_spatial,local-sse-spatial-20p0m-d38252da4260,local-sse-spatial-20p0m-d38252da4260-r001,initial_defender_infeasible,initial_defender_infeasible,local SSE was not certified,spatial_resolution_m,20.0,4.153512700002466,,321372160,,,,,,
14.3,stage14_3_local_sse_spatial,local-sse-spatial-20p0m-d38252da4260,local-sse-spatial-20p0m-d38252da4260-r002,initial_defender_infeasible,initial_defender_infeasible,local SSE was not certified,spatial_resolution_m,20.0,4.129654399999708,,321339392,,,,,,
14.3,stage14_3_local_sse_spatial,local-sse-spatial-33p333333333333336m-16e8ef6c6cae,local-sse-spatial-33p333333333333336m-16e8ef6c6cae-r000,completed,,,spatial_resolution_m,33.333333333333336,8.32867350000015,7.859273399997619,113500160,0.33294611207062663,0.22880191376647036,1,37,38a8e1adc6a0ba61fba66086e654a081f79242685403dd9742c74b0e6a57110a,True
14.3,stage14_3_local_sse_spatial,local-sse-spatial-33p333333333333336m-16e8ef6c6cae,local-sse-spatial-33p333333333333336m-16e8ef6c6cae-r001,completed,,,spatial_resolution_m,33.333333333333336,8.384982099996705,7.921407900001213,114262016,0.33294611207062663,0.22880191376647036,1,37,38a8e1adc6a0ba61fba66086e654a081f79242685403dd9742c74b0e6a57110a,True
14.3,stage14_3_local_sse_spatial,local-sse-spatial-33p333333333333336m-16e8ef6c6cae,local-sse-spatial-33p333333333333336m-16e8ef6c6cae-r002,completed,,,spatial_resolution_m,33.333333333333336,8.340637199995399,7.888905800005887,112840704,0.33294611207062663,0.22880191376647036,1,37,38a8e1adc6a0ba61fba66086e654a081f79242685403dd9742c74b0e6a57110a,True
14.3,stage14_2c_local_sse_spatial,local-sse-spatial-50m-018909d9134d,local-sse-spatial-50m-018909d9134d-r000,completed,,,spatial_resolution_m,50.0,30.434899300000325,30.007273899998836,76288000,1.340553884072545,0.8938345470153469,2,38,af5756a788b7eac143700e6d6f125c8ebd771a46c6984078a629644cfc7ab8d5,True
14.3,stage14_2c_local_sse_spatial,local-sse-spatial-50m-018909d9134d,local-sse-spatial-50m-018909d9134d-r001,completed,,,spatial_resolution_m,50.0,30.291179400001056,29.869508699999642,76427264,1.340553884072545,0.8938345470153469,2,38,af5756a788b7eac143700e6d6f125c8ebd771a46c6984078a629644cfc7ab8d5,True
14.3,stage14_2c_local_sse_spatial,local-sse-spatial-50m-018909d9134d,local-sse-spatial-50m-018909d9134d-r002,completed,,,spatial_resolution_m,50.0,30.06915570000092,29.66488449999997,76054528,1.340553884072545,0.8938345470153469,2,38,af5756a788b7eac143700e6d6f125c8ebd771a46c6984078a629644cfc7ab8d5,True
14.3,stage14_3_local_sse_spatial,local-sse-spatial-5p0m-d8d7dda97b7c,local-sse-spatial-5p0m-d8d7dda97b7c-r000,memory_limit,memory_limit,"parent-enforced memory_limit: timeout_s=600.0, memory_limit_bytes=4294967296",spatial_resolution_m,5.0,1.1945569999952568,,4537593856,,,,,,
14.3,stage14_3_local_sse_spatial,local-sse-spatial-5p0m-d8d7dda97b7c,local-sse-spatial-5p0m-d8d7dda97b7c-r001,memory_limit,memory_limit,"parent-enforced memory_limit: timeout_s=600.0, memory_limit_bytes=4294967296",spatial_resolution_m,5.0,1.1371262999964529,,4406280192,,,,,,
14.3,stage14_3_local_sse_spatial,local-sse-spatial-5p0m-d8d7dda97b7c,local-sse-spatial-5p0m-d8d7dda97b7c-r002,memory_limit,memory_limit,"parent-enforced memory_limit: timeout_s=600.0, memory_limit_bytes=4294967296",spatial_resolution_m,5.0,1.175742600004014,,4421185536,,,,,,
14.3,stage14_3_local_sse_spatial,local-sse-spatial-5p2631578947368425m-d3bc16c3538f,local-sse-spatial-5p2631578947368425m-d3bc16c3538f-r000,memory_limit,memory_limit,"parent-enforced memory_limit: timeout_s=600.0, memory_limit_bytes=4294967296",spatial_resolution_m,5.2631578947368425,1.1360768000013195,,4323921920,,,,,,
14.3,stage14_3_local_sse_spatial,local-sse-spatial-5p2631578947368425m-d3bc16c3538f,local-sse-spatial-5p2631578947368425m-d3bc16c3538f-r001,memory_limit,memory_limit,"parent-enforced memory_limit: timeout_s=600.0, memory_limit_bytes=4294967296",spatial_resolution_m,5.2631578947368425,1.1783924999981537,,4323704832,,,,,,
14.3,stage14_3_local_sse_spatial,local-sse-spatial-5p2631578947368425m-d3bc16c3538f,local-sse-spatial-5p2631578947368425m-d3bc16c3538f-r002,memory_limit,memory_limit,"parent-enforced memory_limit: timeout_s=600.0, memory_limit_bytes=4294967296",spatial_resolution_m,5.2631578947368425,1.1226946000024327,,4305657856,,,,,,
14.3,stage14_3_local_sse_spatial,local-sse-spatial-5p555555555555555m-7b9315bdea39,local-sse-spatial-5p555555555555555m-7b9315bdea39-r000,memory_limit,memory_limit,"parent-enforced memory_limit: timeout_s=600.0, memory_limit_bytes=4294967296",spatial_resolution_m,5.555555555555555,1.0895648000005167,,4302036992,,,,,,
14.3,stage14_3_local_sse_spatial,local-sse-spatial-5p555555555555555m-7b9315bdea39,local-sse-spatial-5p555555555555555m-7b9315bdea39-r001,memory_limit,memory_limit,"parent-enforced memory_limit: timeout_s=600.0, memory_limit_bytes=4294967296",spatial_resolution_m,5.555555555555555,1.1115237000049092,,4412989440,,,,,,
14.3,stage14_3_local_sse_spatial,local-sse-spatial-5p555555555555555m-7b9315bdea39,local-sse-spatial-5p555555555555555m-7b9315bdea39-r002,memory_limit,memory_limit,"parent-enforced memory_limit: timeout_s=600.0, memory_limit_bytes=4294967296",spatial_resolution_m,5.555555555555555,1.0685427999997046,,4372541440,,,,,,
14.3,stage14_3_local_sse_spatial,local-sse-spatial-5p882352941176471m-0764680b76a5,local-sse-spatial-5p882352941176471m-0764680b76a5-r000,memory_limit,memory_limit,"parent-enforced memory_limit: timeout_s=600.0, memory_limit_bytes=4294967296",spatial_resolution_m,5.882352941176471,161.01870659999986,,4308856832,,,,,,
14.3,stage14_3_local_sse_spatial,local-sse-spatial-5p882352941176471m-0764680b76a5,local-sse-spatial-5p882352941176471m-0764680b76a5-r001,memory_limit,memory_limit,"parent-enforced memory_limit: timeout_s=600.0, memory_limit_bytes=4294967296",spatial_resolution_m,5.882352941176471,134.575262499995,,4345921536,,,,,,
14.3,stage14_3_local_sse_spatial,local-sse-spatial-5p882352941176471m-0764680b76a5,local-sse-spatial-5p882352941176471m-0764680b76a5-r002,memory_limit,memory_limit,"parent-enforced memory_limit: timeout_s=600.0, memory_limit_bytes=4294967296",spatial_resolution_m,5.882352941176471,161.5231516999993,,4296036352,,,,,,
14.3,stage14_3_local_sse_spatial,local-sse-spatial-6p25m-43397c962364,local-sse-spatial-6p25m-43397c962364-r000,memory_limit,memory_limit,"parent-enforced memory_limit: timeout_s=600.0, memory_limit_bytes=4294967296",spatial_resolution_m,6.25,212.2394287999996,,4396118016,,,,,,
14.3,stage14_3_local_sse_spatial,local-sse-spatial-6p25m-43397c962364,local-sse-spatial-6p25m-43397c962364-r001,memory_limit,memory_limit,"parent-enforced memory_limit: timeout_s=600.0, memory_limit_bytes=4294967296",spatial_resolution_m,6.25,222.373247800002,,4335288320,,,,,,
14.3,stage14_3_local_sse_spatial,local-sse-spatial-6p25m-43397c962364,local-sse-spatial-6p25m-43397c962364-r002,memory_limit,memory_limit,"parent-enforced memory_limit: timeout_s=600.0, memory_limit_bytes=4294967296",spatial_resolution_m,6.25,214.32137579999835,,4307283968,,,,,,
14.3,stage14_3_local_sse_spatial,local-sse-spatial-6p666666666666667m-92c6c4cba6f4,local-sse-spatial-6p666666666666667m-92c6c4cba6f4-r000,memory_limit,memory_limit,"parent-enforced memory_limit: timeout_s=600.0, memory_limit_bytes=4294967296",spatial_resolution_m,6.666666666666667,193.42695300000196,,4380237824,,,,,,
14.3,stage14_3_local_sse_spatial,local-sse-spatial-6p666666666666667m-92c6c4cba6f4,local-sse-spatial-6p666666666666667m-92c6c4cba6f4-r001,memory_limit,memory_limit,"parent-enforced memory_limit: timeout_s=600.0, memory_limit_bytes=4294967296",spatial_resolution_m,6.666666666666667,185.00799379999808,,4396707840,,,,,,
14.3,stage14_3_local_sse_spatial,local-sse-spatial-6p666666666666667m-92c6c4cba6f4,local-sse-spatial-6p666666666666667m-92c6c4cba6f4-r002,memory_limit,memory_limit,"parent-enforced memory_limit: timeout_s=600.0, memory_limit_bytes=4294967296",spatial_resolution_m,6.666666666666667,189.77707910000026,,4370796544,,,,,,
14.3,stage14_3_local_sse_spatial,local-sse-spatial-7p142857142857143m-145be3df7c7e,local-sse-spatial-7p142857142857143m-145be3df7c7e-r000,memory_limit,memory_limit,"parent-enforced memory_limit: timeout_s=600.0, memory_limit_bytes=4294967296",spatial_resolution_m,7.142857142857143,36.32196919999842,,4353966080,,,,,,
14.3,stage14_3_local_sse_spatial,local-sse-spatial-7p142857142857143m-145be3df7c7e,local-sse-spatial-7p142857142857143m-145be3df7c7e-r001,memory_limit,memory_limit,"parent-enforced memory_limit: timeout_s=600.0, memory_limit_bytes=4294967296",spatial_resolution_m,7.142857142857143,51.872816000002786,,4314525696,,,,,,
14.3,stage14_3_local_sse_spatial,local-sse-spatial-7p142857142857143m-145be3df7c7e,local-sse-spatial-7p142857142857143m-145be3df7c7e-r002,memory_limit,memory_limit,"parent-enforced memory_limit: timeout_s=600.0, memory_limit_bytes=4294967296",spatial_resolution_m,7.142857142857143,145.86408819999633,,4367646720,,,,,,
14.3,stage14_3_local_sse_spatial,local-sse-spatial-7p6923076923076925m-f4c2575d1828,local-sse-spatial-7p6923076923076925m-f4c2575d1828-r000,memory_limit,memory_limit,"parent-enforced memory_limit: timeout_s=600.0, memory_limit_bytes=4294967296",spatial_resolution_m,7.6923076923076925,28.82005560000107,,4341055488,,,,,,
14.3,stage14_3_local_sse_spatial,local-sse-spatial-7p6923076923076925m-f4c2575d1828,local-sse-spatial-7p6923076923076925m-f4c2575d1828-r001,memory_limit,memory_limit,"parent-enforced memory_limit: timeout_s=600.0, memory_limit_bytes=4294967296",spatial_resolution_m,7.6923076923076925,28.879042599997774,,4299894784,,,,,,
14.3,stage14_3_local_sse_spatial,local-sse-spatial-7p6923076923076925m-f4c2575d1828,local-sse-spatial-7p6923076923076925m-f4c2575d1828-r002,memory_limit,memory_limit,"parent-enforced memory_limit: timeout_s=600.0, memory_limit_bytes=4294967296",spatial_resolution_m,7.6923076923076925,28.144450299994787,,4305149952,,,,,,
14.3,stage14_3_local_sse_spatial,local-sse-spatial-8p333333333333334m-5e916b40a6c7,local-sse-spatial-8p333333333333334m-5e916b40a6c7-r000,initial_defender_infeasible,initial_defender_infeasible,local SSE was not certified,spatial_resolution_m,8.333333333333334,25.239245500000834,,3785060352,,,,,,
14.3,stage14_3_local_sse_spatial,local-sse-spatial-8p333333333333334m-5e916b40a6c7,local-sse-spatial-8p333333333333334m-5e916b40a6c7-r001,initial_defender_infeasible,initial_defender_infeasible,local SSE was not certified,spatial_resolution_m,8.333333333333334,25.082950599993637,,3777015808,,,,,,
14.3,stage14_3_local_sse_spatial,local-sse-spatial-8p333333333333334m-5e916b40a6c7,local-sse-spatial-8p333333333333334m-5e916b40a6c7-r002,initial_defender_infeasible,initial_defender_infeasible,local SSE was not certified,spatial_resolution_m,8.333333333333334,25.3838453999997,,3798302720,,,,,,
14.3,stage14_3_local_sse_spatial,local-sse-spatial-9p090909090909092m-fea350dac1d3,local-sse-spatial-9p090909090909092m-fea350dac1d3-r000,initial_defender_infeasible,initial_defender_infeasible,local SSE was not certified,spatial_resolution_m,9.090909090909092,19.153888499997265,,2907844608,,,,,,
14.3,stage14_3_local_sse_spatial,local-sse-spatial-9p090909090909092m-fea350dac1d3,local-sse-spatial-9p090909090909092m-fea350dac1d3-r001,timeout,timeout,"parent-enforced timeout: timeout_s=600.0, memory_limit_bytes=4294967296",spatial_resolution_m,9.090909090909092,11856.535179299994,,1167835136,,,,,,
14.3,stage14_3_local_sse_spatial,local-sse-spatial-9p090909090909092m-fea350dac1d3,local-sse-spatial-9p090909090909092m-fea350dac1d3-r002,initial_defender_infeasible,initial_defender_infeasible,local SSE was not certified,spatial_resolution_m,9.090909090909092,25.14938259999326,,2938408960,,,,,,
14.4,stage14_2c_global_oracle_baseline,global-oracle-canonical-anchor-1e73ac12d4de,global-oracle-canonical-anchor-1e73ac12d4de-r000,completed,,,baseline_anchor,0,59.697362599999906,59.27433060000112,205475840,0.944086144839464,0.7814861193516704,2,26,827fe8228491a0469c901aed676fd640afac5870b094f2d62494678cd8acfb03,True
14.4,stage14_2c_global_oracle_baseline,global-oracle-canonical-anchor-1e73ac12d4de,global-oracle-canonical-anchor-1e73ac12d4de-r001,completed,,,baseline_anchor,0,58.830654600000344,58.409136999998736,205864960,0.944086144839464,0.7814861193516704,2,26,827fe8228491a0469c901aed676fd640afac5870b094f2d62494678cd8acfb03,True
14.4,stage14_2c_global_oracle_baseline,global-oracle-canonical-anchor-1e73ac12d4de,global-oracle-canonical-anchor-1e73ac12d4de-r002,completed,,,baseline_anchor,0,58.80155070000001,58.40248650000103,206139392,0.944086144839464,0.7814861193516704,2,26,827fe8228491a0469c901aed676fd640afac5870b094f2d62494678cd8acfb03,True
14.4,stage14_2c_global_oracle_heading,global-oracle-heading-10deg-918229a54b84,global-oracle-heading-10deg-918229a54b84-r000,completed,,,heading_spacing_deg,10.0,11.522153900001285,11.135299100000339,127180800,0.952687238683972,0.7843318987084812,2,26,7d8a14d528f00c78409a36f48c3c78c923bd9cad109de3653592b85d6ce43e39,True
14.4,stage14_2c_global_oracle_heading,global-oracle-heading-10deg-918229a54b84,global-oracle-heading-10deg-918229a54b84-r001,completed,,,heading_spacing_deg,10.0,11.432972200000222,11.047308399998656,127594496,0.952687238683972,0.7843318987084812,2,26,7d8a14d528f00c78409a36f48c3c78c923bd9cad109de3653592b85d6ce43e39,True
14.4,stage14_2c_global_oracle_heading,global-oracle-heading-10deg-918229a54b84,global-oracle-heading-10deg-918229a54b84-r002,completed,,,heading_spacing_deg,10.0,11.414337800000794,11.019661299998916,128188416,0.952687238683972,0.7843318987084812,2,26,7d8a14d528f00c78409a36f48c3c78c923bd9cad109de3653592b85d6ce43e39,True
14.4,stage14_4_global_oracle_heading,global-oracle-heading-12p0deg-cb132e6b1697,global-oracle-heading-12p0deg-cb132e6b1697-r000,completed,,,heading_spacing_deg,12.0,12.556310400002985,12.106815699997242,115482624,0.9700079872321095,0.7904758555250633,2,26,61c1cc4b9550eb235f80787c6f672896b7662e293c1f1fd47890bd9a1cba3414,True
14.4,stage14_4_global_oracle_heading,global-oracle-heading-12p0deg-cb132e6b1697,global-oracle-heading-12p0deg-cb132e6b1697-r001,completed,,,heading_spacing_deg,12.0,12.591619099999662,12.168118000001414,114794496,0.9700079872321095,0.7904758555250633,2,26,61c1cc4b9550eb235f80787c6f672896b7662e293c1f1fd47890bd9a1cba3414,True
14.4,stage14_4_global_oracle_heading,global-oracle-heading-12p0deg-cb132e6b1697,global-oracle-heading-12p0deg-cb132e6b1697-r002,completed,,,heading_spacing_deg,12.0,12.48964210000122,12.067179899997427,117002240,0.9700079872321095,0.7904758555250633,2,26,61c1cc4b9550eb235f80787c6f672896b7662e293c1f1fd47890bd9a1cba3414,True
14.4,stage14_2c_global_oracle_heading,global-oracle-heading-15deg-0f610710b342,global-oracle-heading-15deg-0f610710b342-r000,completed,,,heading_spacing_deg,15.0,4.730001899999479,4.335439700000279,99504128,0.9697241814714522,0.7912859636040508,2,26,217ac0652b5c73ff43a31c54f47dfbdec37f4a088f82acf90f7f69a3dc52c609,True
14.4,stage14_2c_global_oracle_heading,global-oracle-heading-15deg-0f610710b342,global-oracle-heading-15deg-0f610710b342-r001,completed,,,heading_spacing_deg,15.0,4.806776399998853,4.365279999999984,99667968,0.9697241814714522,0.7912859636040508,2,26,217ac0652b5c73ff43a31c54f47dfbdec37f4a088f82acf90f7f69a3dc52c609,True
14.4,stage14_2c_global_oracle_heading,global-oracle-heading-15deg-0f610710b342,global-oracle-heading-15deg-0f610710b342-r002,completed,,,heading_spacing_deg,15.0,4.819018700000015,4.380340499999875,99221504,0.9697241814714522,0.7912859636040508,2,26,217ac0652b5c73ff43a31c54f47dfbdec37f4a088f82acf90f7f69a3dc52c609,True
14.4,stage14_4_global_oracle_heading,global-oracle-heading-18p0deg-e8134422766e,global-oracle-heading-18p0deg-e8134422766e-r000,completed,,,heading_spacing_deg,18.0,5.360283400004846,4.9070958999946015,91897856,0.980141906039847,0.7908454506030936,2,26,025865a467a86eab0aa3d7f26057d8da0717b171561502575e695425934fcfd8,True
14.4,stage14_4_global_oracle_heading,global-oracle-heading-18p0deg-e8134422766e,global-oracle-heading-18p0deg-e8134422766e-r001,completed,,,heading_spacing_deg,18.0,5.283526500003063,4.835726800010889,92323840,0.980141906039847,0.7908454506030936,2,26,025865a467a86eab0aa3d7f26057d8da0717b171561502575e695425934fcfd8,True
14.4,stage14_4_global_oracle_heading,global-oracle-heading-18p0deg-e8134422766e,global-oracle-heading-18p0deg-e8134422766e-r002,completed,,,heading_spacing_deg,18.0,5.401708699995652,4.917813100008061,91652096,0.980141906039847,0.7908454506030936,2,26,025865a467a86eab0aa3d7f26057d8da0717b171561502575e695425934fcfd8,True
14.4,stage14_4_global_oracle_heading,global-oracle-heading-1p0deg-2a46717b6bed,global-oracle-heading-1p0deg-2a46717b6bed-r000,completed,,,heading_spacing_deg,1.0,529.1999735999998,517.4124341999996,815112192,0.8399127172681883,0.698982178926319,2,26,a4cba8987fa594973bb5e1b41584aa87846594c6c78e654586a3774284a13c4b,True
14.4,stage14_4_global_oracle_heading,global-oracle-heading-1p0deg-2a46717b6bed,global-oracle-heading-1p0deg-2a46717b6bed-r001,completed,,,heading_spacing_deg,1.0,531.3137430000061,519.5116220999917,813199360,0.8399127172681883,0.698982178926319,2,26,a4cba8987fa594973bb5e1b41584aa87846594c6c78e654586a3774284a13c4b,True
14.4,stage14_4_global_oracle_heading,global-oracle-heading-1p0deg-2a46717b6bed,global-oracle-heading-1p0deg-2a46717b6bed-r002,completed,,,heading_spacing_deg,1.0,527.5848654999863,515.8629707000073,815845376,0.8399127172681883,0.698982178926319,2,26,a4cba8987fa594973bb5e1b41584aa87846594c6c78e654586a3774284a13c4b,True
14.4,stage14_4_global_oracle_heading,global-oracle-heading-1p5deg-72781ab77cfc,global-oracle-heading-1p5deg-72781ab77cfc-r000,completed,,,heading_spacing_deg,1.5,440.37231570000586,437.7268851999979,569077760,0.9035332705093083,0.7372534892639833,2,26,a36c7405921d9dd86c6d8e27c05288357f5173ce2487f7cb540e05f757c8e41e,True
14.4,stage14_4_global_oracle_heading,global-oracle-heading-1p5deg-72781ab77cfc,global-oracle-heading-1p5deg-72781ab77cfc-r001,completed,,,heading_spacing_deg,1.5,441.65130549999594,438.85503560000507,569413632,0.9035332705093083,0.7372534892639833,2,26,a36c7405921d9dd86c6d8e27c05288357f5173ce2487f7cb540e05f757c8e41e,True
14.4,stage14_4_global_oracle_heading,global-oracle-heading-1p5deg-72781ab77cfc,global-oracle-heading-1p5deg-72781ab77cfc-r002,completed,,,heading_spacing_deg,1.5,443.30090450000716,440.6449782999989,568967168,0.9035332705093083,0.7372534892639833,2,26,a36c7405921d9dd86c6d8e27c05288357f5173ce2487f7cb540e05f757c8e41e,True
14.4,stage14_4_global_oracle_heading,global-oracle-heading-20p0deg-5a11c7b784de,global-oracle-heading-20p0deg-5a11c7b784de-r000,worker_failure,nonzero_worker_exit,"Traceback (most recent call last):
  File ""C:\Users\jeffe\Desktop\git\glider_hybrid_control\3D_0827\stage14_4_worker.py"", line 47, in <module>
    main()
    ~~~~^^
  File ""C:\Users\jeffe\Desktop\git\glider_hybrid_control\3D_0827\stage14_4_worker.py"", line 41, in main
    payload = run_worker(configuration)
  File ""C:\Users\jeffe\Desktop\git\glider_hybrid_control\3D_0827\stage14_4_worker.py"", line 16, in run_worker
    payload = run_worker_case(configuration)
  File ""C:\Users\jeffe\Desktop\git\glider_hybrid_control\3D_0827\stage14_2c_worker.py"", line 459, in run_worker_case
    payload = _global_payload(configuration)
  File ""C:\Users\jeffe\Desktop\git\glider_hybrid_control\3D_0827\stage14_2c_worker.py"", line 350, in _global_payload
    run = run_finite_stackelberg(
        candidates,
    ...<3 lines>...
        reuse_reachability_graph=True,
    )
  File ""C:\Users\jeffe\Desktop\git\glider_hybrid_control\3D_0827\stackelberg_solver.py"", line 295, in run_finite_stackelberg
    raise RuntimeError(""no Defender action has a feasible Attacker response"")
RuntimeError: no Defender action has a feasible Attacker response",heading_spacing_deg,20.0,3.7615963999996893,,84938752,,,,,,
14.4,stage14_4_global_oracle_heading,global-oracle-heading-20p0deg-5a11c7b784de,global-oracle-heading-20p0deg-5a11c7b784de-r001,worker_failure,nonzero_worker_exit,"Traceback (most recent call last):
  File ""C:\Users\jeffe\Desktop\git\glider_hybrid_control\3D_0827\stage14_4_worker.py"", line 47, in <module>
    main()
    ~~~~^^
  File ""C:\Users\jeffe\Desktop\git\glider_hybrid_control\3D_0827\stage14_4_worker.py"", line 41, in main
    payload = run_worker(configuration)
  File ""C:\Users\jeffe\Desktop\git\glider_hybrid_control\3D_0827\stage14_4_worker.py"", line 16, in run_worker
    payload = run_worker_case(configuration)
  File ""C:\Users\jeffe\Desktop\git\glider_hybrid_control\3D_0827\stage14_2c_worker.py"", line 459, in run_worker_case
    payload = _global_payload(configuration)
  File ""C:\Users\jeffe\Desktop\git\glider_hybrid_control\3D_0827\stage14_2c_worker.py"", line 350, in _global_payload
    run = run_finite_stackelberg(
        candidates,
    ...<3 lines>...
        reuse_reachability_graph=True,
    )
  File ""C:\Users\jeffe\Desktop\git\glider_hybrid_control\3D_0827\stackelberg_solver.py"", line 295, in run_finite_stackelberg
    raise RuntimeError(""no Defender action has a feasible Attacker response"")
RuntimeError: no Defender action has a feasible Attacker response",heading_spacing_deg,20.0,3.642991200002143,,76017664,,,,,,
14.4,stage14_4_global_oracle_heading,global-oracle-heading-20p0deg-5a11c7b784de,global-oracle-heading-20p0deg-5a11c7b784de-r002,worker_failure,nonzero_worker_exit,"Traceback (most recent call last):
  File ""C:\Users\jeffe\Desktop\git\glider_hybrid_control\3D_0827\stage14_4_worker.py"", line 47, in <module>
    main()
    ~~~~^^
  File ""C:\Users\jeffe\Desktop\git\glider_hybrid_control\3D_0827\stage14_4_worker.py"", line 41, in main
    payload = run_worker(configuration)
  File ""C:\Users\jeffe\Desktop\git\glider_hybrid_control\3D_0827\stage14_4_worker.py"", line 16, in run_worker
    payload = run_worker_case(configuration)
  File ""C:\Users\jeffe\Desktop\git\glider_hybrid_control\3D_0827\stage14_2c_worker.py"", line 459, in run_worker_case
    payload = _global_payload(configuration)
  File ""C:\Users\jeffe\Desktop\git\glider_hybrid_control\3D_0827\stage14_2c_worker.py"", line 350, in _global_payload
    run = run_finite_stackelberg(
        candidates,
    ...<3 lines>...
        reuse_reachability_graph=True,
    )
  File ""C:\Users\jeffe\Desktop\git\glider_hybrid_control\3D_0827\stackelberg_solver.py"", line 295, in run_finite_stackelberg
    raise RuntimeError(""no Defender action has a feasible Attacker response"")
RuntimeError: no Defender action has a feasible Attacker response",heading_spacing_deg,20.0,3.5572503000003053,,63430656,,,,,,
14.4,stage14_4_global_oracle_heading,global-oracle-heading-22p5deg-abdb1be56ed8,global-oracle-heading-22p5deg-abdb1be56ed8-r000,worker_failure,nonzero_worker_exit,"Traceback (most recent call last):
  File ""C:\Users\jeffe\Desktop\git\glider_hybrid_control\3D_0827\stage14_4_worker.py"", line 47, in <module>
    main()
    ~~~~^^
  File ""C:\Users\jeffe\Desktop\git\glider_hybrid_control\3D_0827\stage14_4_worker.py"", line 41, in main
    payload = run_worker(configuration)
  File ""C:\Users\jeffe\Desktop\git\glider_hybrid_control\3D_0827\stage14_4_worker.py"", line 16, in run_worker
    payload = run_worker_case(configuration)
  File ""C:\Users\jeffe\Desktop\git\glider_hybrid_control\3D_0827\stage14_2c_worker.py"", line 459, in run_worker_case
    payload = _global_payload(configuration)
  File ""C:\Users\jeffe\Desktop\git\glider_hybrid_control\3D_0827\stage14_2c_worker.py"", line 350, in _global_payload
    run = run_finite_stackelberg(
        candidates,
    ...<3 lines>...
        reuse_reachability_graph=True,
    )
  File ""C:\Users\jeffe\Desktop\git\glider_hybrid_control\3D_0827\stackelberg_solver.py"", line 295, in run_finite_stackelberg
    raise RuntimeError(""no Defender action has a feasible Attacker response"")
RuntimeError: no Defender action has a feasible Attacker response",heading_spacing_deg,22.5,3.715212499999325,,78770176,,,,,,
14.4,stage14_4_global_oracle_heading,global-oracle-heading-22p5deg-abdb1be56ed8,global-oracle-heading-22p5deg-abdb1be56ed8-r001,worker_failure,nonzero_worker_exit,"Traceback (most recent call last):
  File ""C:\Users\jeffe\Desktop\git\glider_hybrid_control\3D_0827\stage14_4_worker.py"", line 47, in <module>
    main()
    ~~~~^^
  File ""C:\Users\jeffe\Desktop\git\glider_hybrid_control\3D_0827\stage14_4_worker.py"", line 41, in main
    payload = run_worker(configuration)
  File ""C:\Users\jeffe\Desktop\git\glider_hybrid_control\3D_0827\stage14_4_worker.py"", line 16, in run_worker
    payload = run_worker_case(configuration)
  File ""C:\Users\jeffe\Desktop\git\glider_hybrid_control\3D_0827\stage14_2c_worker.py"", line 459, in run_worker_case
    payload = _global_payload(configuration)
  File ""C:\Users\jeffe\Desktop\git\glider_hybrid_control\3D_0827\stage14_2c_worker.py"", line 350, in _global_payload
    run = run_finite_stackelberg(
        candidates,
    ...<3 lines>...
        reuse_reachability_graph=True,
    )
  File ""C:\Users\jeffe\Desktop\git\glider_hybrid_control\3D_0827\stackelberg_solver.py"", line 295, in run_finite_stackelberg
    raise RuntimeError(""no Defender action has a feasible Attacker response"")
RuntimeError: no Defender action has a feasible Attacker response",heading_spacing_deg,22.5,3.5954607000021497,,80322560,,,,,,
14.4,stage14_4_global_oracle_heading,global-oracle-heading-22p5deg-abdb1be56ed8,global-oracle-heading-22p5deg-abdb1be56ed8-r002,worker_failure,nonzero_worker_exit,"Traceback (most recent call last):
  File ""C:\Users\jeffe\Desktop\git\glider_hybrid_control\3D_0827\stage14_4_worker.py"", line 47, in <module>
    main()
    ~~~~^^
  File ""C:\Users\jeffe\Desktop\git\glider_hybrid_control\3D_0827\stage14_4_worker.py"", line 41, in main
    payload = run_worker(configuration)
  File ""C:\Users\jeffe\Desktop\git\glider_hybrid_control\3D_0827\stage14_4_worker.py"", line 16, in run_worker
    payload = run_worker_case(configuration)
  File ""C:\Users\jeffe\Desktop\git\glider_hybrid_control\3D_0827\stage14_2c_worker.py"", line 459, in run_worker_case
    payload = _global_payload(configuration)
  File ""C:\Users\jeffe\Desktop\git\glider_hybrid_control\3D_0827\stage14_2c_worker.py"", line 350, in _global_payload
    run = run_finite_stackelberg(
        candidates,
    ...<3 lines>...
        reuse_reachability_graph=True,
    )
  File ""C:\Users\jeffe\Desktop\git\glider_hybrid_control\3D_0827\stackelberg_solver.py"", line 295, in run_finite_stackelberg
    raise RuntimeError(""no Defender action has a feasible Attacker response"")
RuntimeError: no Defender action has a feasible Attacker response",heading_spacing_deg,22.5,3.6249196999997366,,72232960,,,,,,
14.4,stage14_4_global_oracle_heading,global-oracle-heading-2p0deg-3a4584b67254,global-oracle-heading-2p0deg-3a4584b67254-r000,completed,,,heading_spacing_deg,2.0,332.52527690000716,331.3527083999943,440680448,0.9139840182765075,0.7664587790729686,2,26,136edb341bcc735a16e9d2f71e8efa6ad5b5f06a54c9afad233a8bd73f44ae09,True
14.4,stage14_4_global_oracle_heading,global-oracle-heading-2p0deg-3a4584b67254,global-oracle-heading-2p0deg-3a4584b67254-r001,completed,,,heading_spacing_deg,2.0,332.2996855000092,331.1104531000019,443543552,0.9139840182765075,0.7664587790729686,2,26,136edb341bcc735a16e9d2f71e8efa6ad5b5f06a54c9afad233a8bd73f44ae09,True
14.4,stage14_4_global_oracle_heading,global-oracle-heading-2p0deg-3a4584b67254,global-oracle-heading-2p0deg-3a4584b67254-r002,completed,,,heading_spacing_deg,2.0,331.8339203999931,330.6387214000133,442068992,0.9139840182765075,0.7664587790729686,2,26,136edb341bcc735a16e9d2f71e8efa6ad5b5f06a54c9afad233a8bd73f44ae09,True
14.4,stage14_4_global_oracle_heading,global-oracle-heading-2p5deg-1f81341908f3,global-oracle-heading-2p5deg-1f81341908f3-r000,completed,,,heading_spacing_deg,2.5,225.4045143000003,224.69695649999994,365805568,0.9131141102803907,0.7561743337394496,2,26,df054e030a09fc5600dc7964872afcd3f3e3a21fc6dd79dd04b16e5a634bc49a,True
14.4,stage14_4_global_oracle_heading,global-oracle-heading-2p5deg-1f81341908f3,global-oracle-heading-2p5deg-1f81341908f3-r001,completed,,,heading_spacing_deg,2.5,225.34449620000123,224.63408130000062,363970560,0.9131141102803907,0.7561743337394496,2,26,df054e030a09fc5600dc7964872afcd3f3e3a21fc6dd79dd04b16e5a634bc49a,True
14.4,stage14_4_global_oracle_heading,global-oracle-heading-2p5deg-1f81341908f3,global-oracle-heading-2p5deg-1f81341908f3-r002,completed,,,heading_spacing_deg,2.5,226.5999255000006,225.89587240000037,363581440,0.9131141102803907,0.7561743337394496,2,26,df054e030a09fc5600dc7964872afcd3f3e3a21fc6dd79dd04b16e5a634bc49a,True
14.4,stage14_4_global_oracle_heading,global-oracle-heading-30p0deg-90f59d080fd9,global-oracle-heading-30p0deg-90f59d080fd9-r000,worker_failure,nonzero_worker_exit,"Traceback (most recent call last):
  File ""C:\Users\jeffe\Desktop\git\glider_hybrid_control\3D_0827\stage14_4_worker.py"", line 47, in <module>
    main()
    ~~~~^^
  File ""C:\Users\jeffe\Desktop\git\glider_hybrid_control\3D_0827\stage14_4_worker.py"", line 41, in main
    payload = run_worker(configuration)
  File ""C:\Users\jeffe\Desktop\git\glider_hybrid_control\3D_0827\stage14_4_worker.py"", line 16, in run_worker
    payload = run_worker_case(configuration)
  File ""C:\Users\jeffe\Desktop\git\glider_hybrid_control\3D_0827\stage14_2c_worker.py"", line 459, in run_worker_case
    payload = _global_payload(configuration)
  File ""C:\Users\jeffe\Desktop\git\glider_hybrid_control\3D_0827\stage14_2c_worker.py"", line 350, in _global_payload
    run = run_finite_stackelberg(
        candidates,
    ...<3 lines>...
        reuse_reachability_graph=True,
    )
  File ""C:\Users\jeffe\Desktop\git\glider_hybrid_control\3D_0827\stackelberg_solver.py"", line 295, in run_finite_stackelberg
    raise RuntimeError(""no Defender action has a feasible Attacker response"")
RuntimeError: no Defender action has a feasible Attacker response",heading_spacing_deg,30.0,3.5959934999991674,,57528320,,,,,,
14.4,stage14_4_global_oracle_heading,global-oracle-heading-30p0deg-90f59d080fd9,global-oracle-heading-30p0deg-90f59d080fd9-r001,worker_failure,nonzero_worker_exit,"Traceback (most recent call last):
  File ""C:\Users\jeffe\Desktop\git\glider_hybrid_control\3D_0827\stage14_4_worker.py"", line 47, in <module>
    main()
    ~~~~^^
  File ""C:\Users\jeffe\Desktop\git\glider_hybrid_control\3D_0827\stage14_4_worker.py"", line 41, in main
    payload = run_worker(configuration)
  File ""C:\Users\jeffe\Desktop\git\glider_hybrid_control\3D_0827\stage14_4_worker.py"", line 16, in run_worker
    payload = run_worker_case(configuration)
  File ""C:\Users\jeffe\Desktop\git\glider_hybrid_control\3D_0827\stage14_2c_worker.py"", line 459, in run_worker_case
    payload = _global_payload(configuration)
  File ""C:\Users\jeffe\Desktop\git\glider_hybrid_control\3D_0827\stage14_2c_worker.py"", line 350, in _global_payload
    run = run_finite_stackelberg(
        candidates,
    ...<3 lines>...
        reuse_reachability_graph=True,
    )
  File ""C:\Users\jeffe\Desktop\git\glider_hybrid_control\3D_0827\stackelberg_solver.py"", line 295, in run_finite_stackelberg
    raise RuntimeError(""no Defender action has a feasible Attacker response"")
RuntimeError: no Defender action has a feasible Attacker response",heading_spacing_deg,30.0,3.651751700002933,,57344000,,,,,,
14.4,stage14_4_global_oracle_heading,global-oracle-heading-30p0deg-90f59d080fd9,global-oracle-heading-30p0deg-90f59d080fd9-r002,worker_failure,nonzero_worker_exit,"Traceback (most recent call last):
  File ""C:\Users\jeffe\Desktop\git\glider_hybrid_control\3D_0827\stage14_4_worker.py"", line 47, in <module>
    main()
    ~~~~^^
  File ""C:\Users\jeffe\Desktop\git\glider_hybrid_control\3D_0827\stage14_4_worker.py"", line 41, in main
    payload = run_worker(configuration)
  File ""C:\Users\jeffe\Desktop\git\glider_hybrid_control\3D_0827\stage14_4_worker.py"", line 16, in run_worker
    payload = run_worker_case(configuration)
  File ""C:\Users\jeffe\Desktop\git\glider_hybrid_control\3D_0827\stage14_2c_worker.py"", line 459, in run_worker_case
    payload = _global_payload(configuration)
  File ""C:\Users\jeffe\Desktop\git\glider_hybrid_control\3D_0827\stage14_2c_worker.py"", line 350, in _global_payload
    run = run_finite_stackelberg(
        candidates,
    ...<3 lines>...
        reuse_reachability_graph=True,
    )
  File ""C:\Users\jeffe\Desktop\git\glider_hybrid_control\3D_0827\stackelberg_solver.py"", line 295, in run_finite_stackelberg
    raise RuntimeError(""no Defender action has a feasible Attacker response"")
RuntimeError: no Defender action has a feasible Attacker response",heading_spacing_deg,30.0,3.5584350999997696,,57434112,,,,,,
14.4,stage14_4_global_oracle_heading,global-oracle-heading-36p0deg-4b82e5619efc,global-oracle-heading-36p0deg-4b82e5619efc-r000,worker_failure,nonzero_worker_exit,"Traceback (most recent call last):
  File ""C:\Users\jeffe\Desktop\git\glider_hybrid_control\3D_0827\stage14_4_worker.py"", line 47, in <module>
    main()
    ~~~~^^
  File ""C:\Users\jeffe\Desktop\git\glider_hybrid_control\3D_0827\stage14_4_worker.py"", line 41, in main
    payload = run_worker(configuration)
  File ""C:\Users\jeffe\Desktop\git\glider_hybrid_control\3D_0827\stage14_4_worker.py"", line 16, in run_worker
    payload = run_worker_case(configuration)
  File ""C:\Users\jeffe\Desktop\git\glider_hybrid_control\3D_0827\stage14_2c_worker.py"", line 459, in run_worker_case
    payload = _global_payload(configuration)
  File ""C:\Users\jeffe\Desktop\git\glider_hybrid_control\3D_0827\stage14_2c_worker.py"", line 350, in _global_payload
    run = run_finite_stackelberg(
        candidates,
    ...<3 lines>...
        reuse_reachability_graph=True,
    )
  File ""C:\Users\jeffe\Desktop\git\glider_hybrid_control\3D_0827\stackelberg_solver.py"", line 295, in run_finite_stackelberg
    raise RuntimeError(""no Defender action has a feasible Attacker response"")
RuntimeError: no Defender action has a feasible Attacker response",heading_spacing_deg,36.0,3.595765999998548,,55103488,,,,,,
14.4,stage14_4_global_oracle_heading,global-oracle-heading-36p0deg-4b82e5619efc,global-oracle-heading-36p0deg-4b82e5619efc-r001,worker_failure,nonzero_worker_exit,"Traceback (most recent call last):
  File ""C:\Users\jeffe\Desktop\git\glider_hybrid_control\3D_0827\stage14_4_worker.py"", line 47, in <module>
    main()
    ~~~~^^
  File ""C:\Users\jeffe\Desktop\git\glider_hybrid_control\3D_0827\stage14_4_worker.py"", line 41, in main
    payload = run_worker(configuration)
  File ""C:\Users\jeffe\Desktop\git\glider_hybrid_control\3D_0827\stage14_4_worker.py"", line 16, in run_worker
    payload = run_worker_case(configuration)
  File ""C:\Users\jeffe\Desktop\git\glider_hybrid_control\3D_0827\stage14_2c_worker.py"", line 459, in run_worker_case
    payload = _global_payload(configuration)
  File ""C:\Users\jeffe\Desktop\git\glider_hybrid_control\3D_0827\stage14_2c_worker.py"", line 350, in _global_payload
    run = run_finite_stackelberg(
        candidates,
    ...<3 lines>...
        reuse_reachability_graph=True,
    )
  File ""C:\Users\jeffe\Desktop\git\glider_hybrid_control\3D_0827\stackelberg_solver.py"", line 295, in run_finite_stackelberg
    raise RuntimeError(""no Defender action has a feasible Attacker response"")
RuntimeError: no Defender action has a feasible Attacker response",heading_spacing_deg,36.0,3.5494420000031823,,66551808,,,,,,
14.4,stage14_4_global_oracle_heading,global-oracle-heading-36p0deg-4b82e5619efc,global-oracle-heading-36p0deg-4b82e5619efc-r002,worker_failure,nonzero_worker_exit,"Traceback (most recent call last):
  File ""C:\Users\jeffe\Desktop\git\glider_hybrid_control\3D_0827\stage14_4_worker.py"", line 47, in <module>
    main()
    ~~~~^^
  File ""C:\Users\jeffe\Desktop\git\glider_hybrid_control\3D_0827\stage14_4_worker.py"", line 41, in main
    payload = run_worker(configuration)
  File ""C:\Users\jeffe\Desktop\git\glider_hybrid_control\3D_0827\stage14_4_worker.py"", line 16, in run_worker
    payload = run_worker_case(configuration)
  File ""C:\Users\jeffe\Desktop\git\glider_hybrid_control\3D_0827\stage14_2c_worker.py"", line 459, in run_worker_case
    payload = _global_payload(configuration)
  File ""C:\Users\jeffe\Desktop\git\glider_hybrid_control\3D_0827\stage14_2c_worker.py"", line 350, in _global_payload
    run = run_finite_stackelberg(
        candidates,
    ...<3 lines>...
        reuse_reachability_graph=True,
    )
  File ""C:\Users\jeffe\Desktop\git\glider_hybrid_control\3D_0827\stackelberg_solver.py"", line 295, in run_finite_stackelberg
    raise RuntimeError(""no Defender action has a feasible Attacker response"")
RuntimeError: no Defender action has a feasible Attacker response",heading_spacing_deg,36.0,3.587330900001689,,65146880,,,,,,
14.4,stage14_4_global_oracle_heading,global-oracle-heading-3p0deg-8d6b9973371c,global-oracle-heading-3p0deg-8d6b9973371c-r000,completed,,,heading_spacing_deg,3.0,189.44705409999005,188.8742634999944,312692736,0.9388479364147708,0.7725524854709874,2,26,a82f35398718742950867a24b75d052547eee149ce4de764fe736cca693ef105,True
14.4,stage14_4_global_oracle_heading,global-oracle-heading-3p0deg-8d6b9973371c,global-oracle-heading-3p0deg-8d6b9973371c-r001,completed,,,heading_spacing_deg,3.0,189.40605220000725,188.8249485999986,311377920,0.9388479364147708,0.7725524854709874,2,26,a82f35398718742950867a24b75d052547eee149ce4de764fe736cca693ef105,True
14.4,stage14_4_global_oracle_heading,global-oracle-heading-3p0deg-8d6b9973371c,global-oracle-heading-3p0deg-8d6b9973371c-r002,completed,,,heading_spacing_deg,3.0,187.97299819999898,187.40452590001223,312102912,0.9388479364147708,0.7725524854709874,2,26,a82f35398718742950867a24b75d052547eee149ce4de764fe736cca693ef105,True
14.4,stage14_4_global_oracle_heading,global-oracle-heading-45p0deg-d08eb5fc990e,global-oracle-heading-45p0deg-d08eb5fc990e-r000,worker_failure,nonzero_worker_exit,"Traceback (most recent call last):
  File ""C:\Users\jeffe\Desktop\git\glider_hybrid_control\3D_0827\stage14_4_worker.py"", line 47, in <module>
    main()
    ~~~~^^
  File ""C:\Users\jeffe\Desktop\git\glider_hybrid_control\3D_0827\stage14_4_worker.py"", line 41, in main
    payload = run_worker(configuration)
  File ""C:\Users\jeffe\Desktop\git\glider_hybrid_control\3D_0827\stage14_4_worker.py"", line 16, in run_worker
    payload = run_worker_case(configuration)
  File ""C:\Users\jeffe\Desktop\git\glider_hybrid_control\3D_0827\stage14_2c_worker.py"", line 459, in run_worker_case
    payload = _global_payload(configuration)
  File ""C:\Users\jeffe\Desktop\git\glider_hybrid_control\3D_0827\stage14_2c_worker.py"", line 350, in _global_payload
    run = run_finite_stackelberg(
        candidates,
    ...<3 lines>...
        reuse_reachability_graph=True,
    )
  File ""C:\Users\jeffe\Desktop\git\glider_hybrid_control\3D_0827\stackelberg_solver.py"", line 295, in run_finite_stackelberg
    raise RuntimeError(""no Defender action has a feasible Attacker response"")
RuntimeError: no Defender action has a feasible Attacker response",heading_spacing_deg,45.0,3.543506999994861,,54317056,,,,,,
14.4,stage14_4_global_oracle_heading,global-oracle-heading-45p0deg-d08eb5fc990e,global-oracle-heading-45p0deg-d08eb5fc990e-r001,worker_failure,nonzero_worker_exit,"Traceback (most recent call last):
  File ""C:\Users\jeffe\Desktop\git\glider_hybrid_control\3D_0827\stage14_4_worker.py"", line 47, in <module>
    main()
    ~~~~^^
  File ""C:\Users\jeffe\Desktop\git\glider_hybrid_control\3D_0827\stage14_4_worker.py"", line 41, in main
    payload = run_worker(configuration)
  File ""C:\Users\jeffe\Desktop\git\glider_hybrid_control\3D_0827\stage14_4_worker.py"", line 16, in run_worker
    payload = run_worker_case(configuration)
  File ""C:\Users\jeffe\Desktop\git\glider_hybrid_control\3D_0827\stage14_2c_worker.py"", line 459, in run_worker_case
    payload = _global_payload(configuration)
  File ""C:\Users\jeffe\Desktop\git\glider_hybrid_control\3D_0827\stage14_2c_worker.py"", line 350, in _global_payload
    run = run_finite_stackelberg(
        candidates,
    ...<3 lines>...
        reuse_reachability_graph=True,
    )
  File ""C:\Users\jeffe\Desktop\git\glider_hybrid_control\3D_0827\stackelberg_solver.py"", line 295, in run_finite_stackelberg
    raise RuntimeError(""no Defender action has a feasible Attacker response"")
RuntimeError: no Defender action has a feasible Attacker response",heading_spacing_deg,45.0,3.561465799997677,,61521920,,,,,,
14.4,stage14_4_global_oracle_heading,global-oracle-heading-45p0deg-d08eb5fc990e,global-oracle-heading-45p0deg-d08eb5fc990e-r002,worker_failure,nonzero_worker_exit,"Traceback (most recent call last):
  File ""C:\Users\jeffe\Desktop\git\glider_hybrid_control\3D_0827\stage14_4_worker.py"", line 47, in <module>
    main()
    ~~~~^^
  File ""C:\Users\jeffe\Desktop\git\glider_hybrid_control\3D_0827\stage14_4_worker.py"", line 41, in main
    payload = run_worker(configuration)
  File ""C:\Users\jeffe\Desktop\git\glider_hybrid_control\3D_0827\stage14_4_worker.py"", line 16, in run_worker
    payload = run_worker_case(configuration)
  File ""C:\Users\jeffe\Desktop\git\glider_hybrid_control\3D_0827\stage14_2c_worker.py"", line 459, in run_worker_case
    payload = _global_payload(configuration)
  File ""C:\Users\jeffe\Desktop\git\glider_hybrid_control\3D_0827\stage14_2c_worker.py"", line 350, in _global_payload
    run = run_finite_stackelberg(
        candidates,
    ...<3 lines>...
        reuse_reachability_graph=True,
    )
  File ""C:\Users\jeffe\Desktop\git\glider_hybrid_control\3D_0827\stackelberg_solver.py"", line 295, in run_finite_stackelberg
    raise RuntimeError(""no Defender action has a feasible Attacker response"")
RuntimeError: no Defender action has a feasible Attacker response",heading_spacing_deg,45.0,3.576226000004681,,62377984,,,,,,
14.4,stage14_4_global_oracle_heading,global-oracle-heading-4p0deg-87ca1185ab8b,global-oracle-heading-4p0deg-87ca1185ab8b-r000,completed,,,heading_spacing_deg,4.0,102.6547084999911,102.02980160000152,246972416,0.9454203599323537,0.7735083747337392,2,38,2631879e428a599aac53cd0ea3b017364a9d91cb2301391a2094ed86890b4282,True
14.4,stage14_4_global_oracle_heading,global-oracle-heading-4p0deg-87ca1185ab8b,global-oracle-heading-4p0deg-87ca1185ab8b-r001,completed,,,heading_spacing_deg,4.0,102.27337840000109,101.66066589999537,246771712,0.9454203599323537,0.7735083747337392,2,38,2631879e428a599aac53cd0ea3b017364a9d91cb2301391a2094ed86890b4282,True
14.4,stage14_4_global_oracle_heading,global-oracle-heading-4p0deg-87ca1185ab8b,global-oracle-heading-4p0deg-87ca1185ab8b-r002,completed,,,heading_spacing_deg,4.0,102.72084010000981,102.12108989999979,247201792,0.9454203599323537,0.7735083747337392,2,38,2631879e428a599aac53cd0ea3b017364a9d91cb2301391a2094ed86890b4282,True
14.4,stage14_4_global_oracle_heading,global-oracle-heading-4p5deg-913ff814188e,global-oracle-heading-4p5deg-913ff814188e-r000,completed,,,heading_spacing_deg,4.5,63.432985699997516,62.967078299989225,220708864,0.9449082865780206,0.7818042852783713,2,33,b7f7923909fa35a012f6f132d3588170dd2b05f0f49132ac3db6cc4cda3cbc6b,True
14.4,stage14_4_global_oracle_heading,global-oracle-heading-4p5deg-913ff814188e,global-oracle-heading-4p5deg-913ff814188e-r001,completed,,,heading_spacing_deg,4.5,63.04834629999823,62.596972500003176,223875072,0.9449082865780206,0.7818042852783713,2,33,b7f7923909fa35a012f6f132d3588170dd2b05f0f49132ac3db6cc4cda3cbc6b,True
14.4,stage14_4_global_oracle_heading,global-oracle-heading-4p5deg-913ff814188e,global-oracle-heading-4p5deg-913ff814188e-r002,completed,,,heading_spacing_deg,4.5,62.57382609999331,62.12693280000531,222478336,0.9449082865780206,0.7818042852783713,2,33,b7f7923909fa35a012f6f132d3588170dd2b05f0f49132ac3db6cc4cda3cbc6b,True
14.4,stage14_4_global_oracle_heading,global-oracle-heading-6p0deg-86583aafd5d4,global-oracle-heading-6p0deg-86583aafd5d4-r000,completed,,,heading_spacing_deg,6.0,42.42400470000575,41.981967300002,178847744,0.9707309175236374,0.7924387924683374,2,26,a1a3745567697e4cf840d64b9fb7a02c08057d439dcaf9455855589f1f16729d,True
14.4,stage14_4_global_oracle_heading,global-oracle-heading-6p0deg-86583aafd5d4,global-oracle-heading-6p0deg-86583aafd5d4-r001,completed,,,heading_spacing_deg,6.0,42.619066200000816,42.16106870000658,178999296,0.9707309175236374,0.7924387924683374,2,26,a1a3745567697e4cf840d64b9fb7a02c08057d439dcaf9455855589f1f16729d,True
14.4,stage14_4_global_oracle_heading,global-oracle-heading-6p0deg-86583aafd5d4,global-oracle-heading-6p0deg-86583aafd5d4-r002,completed,,,heading_spacing_deg,6.0,42.515217099993606,42.02341130000423,178683904,0.9707309175236374,0.7924387924683374,2,26,a1a3745567697e4cf840d64b9fb7a02c08057d439dcaf9455855589f1f16729d,True
14.4,stage14_4_global_oracle_heading,global-oracle-heading-7p5deg-e9fa4765b8e6,global-oracle-heading-7p5deg-e9fa4765b8e6-r000,completed,,,heading_spacing_deg,7.5,27.071957000007387,26.659087099993485,154673152,0.9931717775052857,0.7994620104342559,2,26,967221facdc24d5a7c6f975a749726fd13a6309a31de0581b14e5f0bf29b18f1,True
14.4,stage14_4_global_oracle_heading,global-oracle-heading-7p5deg-e9fa4765b8e6,global-oracle-heading-7p5deg-e9fa4765b8e6-r001,completed,,,heading_spacing_deg,7.5,27.129240900001605,26.72310920000018,155189248,0.9931717775052857,0.7994620104342559,2,26,967221facdc24d5a7c6f975a749726fd13a6309a31de0581b14e5f0bf29b18f1,True
14.4,stage14_4_global_oracle_heading,global-oracle-heading-7p5deg-e9fa4765b8e6,global-oracle-heading-7p5deg-e9fa4765b8e6-r002,completed,,,heading_spacing_deg,7.5,26.642095399991376,26.196318100002827,155197440,0.9931717775052857,0.7994620104342559,2,26,967221facdc24d5a7c6f975a749726fd13a6309a31de0581b14e5f0bf29b18f1,True
14.4,stage14_4_global_oracle_heading,global-oracle-heading-9p0deg-998eac9a5016,global-oracle-heading-9p0deg-998eac9a5016-r000,completed,,,heading_spacing_deg,9.0,14.573104600000079,14.154615699997521,136654848,0.9523292033786368,0.7847476713977815,2,26,ad0e25685a1034d1cdcb643d6d49d63e47a5274a16c6d6e35b53b83f4ed2b5c0,True
14.4,stage14_4_global_oracle_heading,global-oracle-heading-9p0deg-998eac9a5016,global-oracle-heading-9p0deg-998eac9a5016-r001,completed,,,heading_spacing_deg,9.0,14.715343600008055,14.300123699998949,136380416,0.9523292033786368,0.7847476713977815,2,26,ad0e25685a1034d1cdcb643d6d49d63e47a5274a16c6d6e35b53b83f4ed2b5c0,True
14.4,stage14_4_global_oracle_heading,global-oracle-heading-9p0deg-998eac9a5016,global-oracle-heading-9p0deg-998eac9a5016-r002,completed,,,heading_spacing_deg,9.0,14.492788100003963,14.049379299991415,136724480,0.9523292033786368,0.7847476713977815,2,26,ad0e25685a1034d1cdcb643d6d49d63e47a5274a16c6d6e35b53b83f4ed2b5c0,True
14.4,stage14_2c_local_sse_baseline,local-sse-canonical-anchor-4f8cae874bcf,local-sse-canonical-anchor-4f8cae874bcf-r000,completed,,,baseline_anchor,0,59.75405150000006,59.35264140000072,207331328,0.944086144839464,0.7814861193516704,2,26,827fe8228491a0469c901aed676fd640afac5870b094f2d62494678cd8acfb03,True
14.4,stage14_2c_local_sse_baseline,local-sse-canonical-anchor-4f8cae874bcf,local-sse-canonical-anchor-4f8cae874bcf-r001,completed,,,baseline_anchor,0,58.83594719999928,58.419353899998896,208084992,0.944086144839464,0.7814861193516704,2,26,827fe8228491a0469c901aed676fd640afac5870b094f2d62494678cd8acfb03,True
14.4,stage14_2c_local_sse_baseline,local-sse-canonical-anchor-4f8cae874bcf,local-sse-canonical-anchor-4f8cae874bcf-r002,completed,,,baseline_anchor,0,59.04784499999914,58.59568979999858,205639680,0.944086144839464,0.7814861193516704,2,26,827fe8228491a0469c901aed676fd640afac5870b094f2d62494678cd8acfb03,True
14.4,stage14_2c_local_sse_heading,local-sse-heading-10deg-99d5ff795b79,local-sse-heading-10deg-99d5ff795b79-r000,completed,,,heading_spacing_deg,10.0,12.327651699999478,11.868023000000903,127954944,0.952687238683972,0.7843318987084812,2,26,7d8a14d528f00c78409a36f48c3c78c923bd9cad109de3653592b85d6ce43e39,True
14.4,stage14_2c_local_sse_heading,local-sse-heading-10deg-99d5ff795b79,local-sse-heading-10deg-99d5ff795b79-r001,completed,,,heading_spacing_deg,10.0,12.24169289999918,11.785441899999569,128036864,0.952687238683972,0.7843318987084812,2,26,7d8a14d528f00c78409a36f48c3c78c923bd9cad109de3653592b85d6ce43e39,True
14.4,stage14_2c_local_sse_heading,local-sse-heading-10deg-99d5ff795b79,local-sse-heading-10deg-99d5ff795b79-r002,completed,,,heading_spacing_deg,10.0,12.170426099999531,11.736499800001184,128081920,0.952687238683972,0.7843318987084812,2,26,7d8a14d528f00c78409a36f48c3c78c923bd9cad109de3653592b85d6ce43e39,True
14.4,stage14_4_local_sse_heading,local-sse-heading-12p0deg-5fcb5b53feb9,local-sse-heading-12p0deg-5fcb5b53feb9-r000,completed,,,heading_spacing_deg,12.0,12.726683499990031,12.254208300000755,116588544,0.9700079872321095,0.7904758555250633,2,26,61c1cc4b9550eb235f80787c6f672896b7662e293c1f1fd47890bd9a1cba3414,True
14.4,stage14_4_local_sse_heading,local-sse-heading-12p0deg-5fcb5b53feb9,local-sse-heading-12p0deg-5fcb5b53feb9-r001,completed,,,heading_spacing_deg,12.0,12.948241999998572,12.508338399988133,115515392,0.9700079872321095,0.7904758555250633,2,26,61c1cc4b9550eb235f80787c6f672896b7662e293c1f1fd47890bd9a1cba3414,True
14.4,stage14_4_local_sse_heading,local-sse-heading-12p0deg-5fcb5b53feb9,local-sse-heading-12p0deg-5fcb5b53feb9-r002,completed,,,heading_spacing_deg,12.0,12.408533199995873,11.961228200001642,116457472,0.9700079872321095,0.7904758555250633,2,26,61c1cc4b9550eb235f80787c6f672896b7662e293c1f1fd47890bd9a1cba3414,True
14.4,stage14_2c_local_sse_heading,local-sse-heading-15deg-fd857640a579,local-sse-heading-15deg-fd857640a579-r000,completed,,,heading_spacing_deg,15.0,4.96575970000049,4.556901700001617,99823616,0.9697241814714522,0.7912859636040508,2,26,217ac0652b5c73ff43a31c54f47dfbdec37f4a088f82acf90f7f69a3dc52c609,True
14.4,stage14_2c_local_sse_heading,local-sse-heading-15deg-fd857640a579,local-sse-heading-15deg-fd857640a579-r001,completed,,,heading_spacing_deg,15.0,5.002328000000489,4.5650158999997075,99405824,0.9697241814714522,0.7912859636040508,2,26,217ac0652b5c73ff43a31c54f47dfbdec37f4a088f82acf90f7f69a3dc52c609,True
14.4,stage14_2c_local_sse_heading,local-sse-heading-15deg-fd857640a579,local-sse-heading-15deg-fd857640a579-r002,completed,,,heading_spacing_deg,15.0,5.031073299998752,4.574278199999753,99729408,0.9697241814714522,0.7912859636040508,2,26,217ac0652b5c73ff43a31c54f47dfbdec37f4a088f82acf90f7f69a3dc52c609,True
14.4,stage14_4_local_sse_heading,local-sse-heading-18p0deg-e574308813f0,local-sse-heading-18p0deg-e574308813f0-r000,completed,,,heading_spacing_deg,18.0,5.259208600007696,4.7902224999998,92450816,0.980141906039847,0.7908454506030936,2,26,025865a467a86eab0aa3d7f26057d8da0717b171561502575e695425934fcfd8,True
14.4,stage14_4_local_sse_heading,local-sse-heading-18p0deg-e574308813f0,local-sse-heading-18p0deg-e574308813f0-r001,completed,,,heading_spacing_deg,18.0,5.270619200004148,4.805134800000815,90886144,0.980141906039847,0.7908454506030936,2,26,025865a467a86eab0aa3d7f26057d8da0717b171561502575e695425934fcfd8,True
14.4,stage14_4_local_sse_heading,local-sse-heading-18p0deg-e574308813f0,local-sse-heading-18p0deg-e574308813f0-r002,completed,,,heading_spacing_deg,18.0,5.503968399993028,5.066777899992303,92434432,0.980141906039847,0.7908454506030936,2,26,025865a467a86eab0aa3d7f26057d8da0717b171561502575e695425934fcfd8,True
14.4,stage14_4_local_sse_heading,local-sse-heading-1p0deg-71152a3d3458,local-sse-heading-1p0deg-71152a3d3458-r000,completed,,,heading_spacing_deg,1.0,527.0002230999962,515.0767253999948,814977024,0.8399127172681883,0.698982178926319,2,26,a4cba8987fa594973bb5e1b41584aa87846594c6c78e654586a3774284a13c4b,True
14.4,stage14_4_local_sse_heading,local-sse-heading-1p0deg-71152a3d3458,local-sse-heading-1p0deg-71152a3d3458-r001,completed,,,heading_spacing_deg,1.0,523.830295000007,512.2859955000022,815886336,0.8399127172681883,0.698982178926319,2,26,a4cba8987fa594973bb5e1b41584aa87846594c6c78e654586a3774284a13c4b,True
14.4,stage14_4_local_sse_heading,local-sse-heading-1p0deg-71152a3d3458,local-sse-heading-1p0deg-71152a3d3458-r002,completed,,,heading_spacing_deg,1.0,535.7127596999926,522.804607099999,813101056,0.8399127172681883,0.698982178926319,2,26,a4cba8987fa594973bb5e1b41584aa87846594c6c78e654586a3774284a13c4b,True
14.4,stage14_4_local_sse_heading,local-sse-heading-1p5deg-257f9456cc2d,local-sse-heading-1p5deg-257f9456cc2d-r000,completed,,,heading_spacing_deg,1.5,441.2732668999961,438.59367430000566,569462784,0.9035332705093083,0.7372534892639833,2,26,a36c7405921d9dd86c6d8e27c05288357f5173ce2487f7cb540e05f757c8e41e,True
14.4,stage14_4_local_sse_heading,local-sse-heading-1p5deg-257f9456cc2d,local-sse-heading-1p5deg-257f9456cc2d-r001,completed,,,heading_spacing_deg,1.5,439.32378659999813,436.68511090001266,569450496,0.9035332705093083,0.7372534892639833,2,26,a36c7405921d9dd86c6d8e27c05288357f5173ce2487f7cb540e05f757c8e41e,True
14.4,stage14_4_local_sse_heading,local-sse-heading-1p5deg-257f9456cc2d,local-sse-heading-1p5deg-257f9456cc2d-r002,completed,,,heading_spacing_deg,1.5,443.43365570000606,440.73385819999385,568922112,0.9035332705093083,0.7372534892639833,2,26,a36c7405921d9dd86c6d8e27c05288357f5173ce2487f7cb540e05f757c8e41e,True
14.4,stage14_4_local_sse_heading,local-sse-heading-20p0deg-6ec8ec3d9f7d,local-sse-heading-20p0deg-6ec8ec3d9f7d-r000,initial_defender_infeasible,initial_defender_infeasible,local SSE was not certified,heading_spacing_deg,20.0,1.6964792999933707,,62214144,,,,,,
14.4,stage14_4_local_sse_heading,local-sse-heading-20p0deg-6ec8ec3d9f7d,local-sse-heading-20p0deg-6ec8ec3d9f7d-r001,initial_defender_infeasible,initial_defender_infeasible,local SSE was not certified,heading_spacing_deg,20.0,1.6440004000032786,,63705088,,,,,,
14.4,stage14_4_local_sse_heading,local-sse-heading-20p0deg-6ec8ec3d9f7d,local-sse-heading-20p0deg-6ec8ec3d9f7d-r002,initial_defender_infeasible,initial_defender_infeasible,local SSE was not certified,heading_spacing_deg,20.0,1.6090242000063881,,83320832,,,,,,
14.4,stage14_4_local_sse_heading,local-sse-heading-22p5deg-d71ceaad370c,local-sse-heading-22p5deg-d71ceaad370c-r000,initial_defender_infeasible,initial_defender_infeasible,local SSE was not certified,heading_spacing_deg,22.5,1.5395455999969272,,78553088,,,,,,
14.4,stage14_4_local_sse_heading,local-sse-heading-22p5deg-d71ceaad370c,local-sse-heading-22p5deg-d71ceaad370c-r001,initial_defender_infeasible,initial_defender_infeasible,local SSE was not certified,heading_spacing_deg,22.5,1.5836306999990484,,65515520,,,,,,
14.4,stage14_4_local_sse_heading,local-sse-heading-22p5deg-d71ceaad370c,local-sse-heading-22p5deg-d71ceaad370c-r002,initial_defender_infeasible,initial_defender_infeasible,local SSE was not certified,heading_spacing_deg,22.5,1.5832871000020532,,64741376,,,,,,
14.4,stage14_4_local_sse_heading,local-sse-heading-2p0deg-3d9eace3934e,local-sse-heading-2p0deg-3d9eace3934e-r000,completed,,,heading_spacing_deg,2.0,333.7638417999988,332.5815192000009,441880576,0.9139840182765075,0.7664587790729686,2,26,136edb341bcc735a16e9d2f71e8efa6ad5b5f06a54c9afad233a8bd73f44ae09,True
14.4,stage14_4_local_sse_heading,local-sse-heading-2p0deg-3d9eace3934e,local-sse-heading-2p0deg-3d9eace3934e-r001,completed,,,heading_spacing_deg,2.0,333.5664453000063,332.38111090000893,440537088,0.9139840182765075,0.7664587790729686,2,26,136edb341bcc735a16e9d2f71e8efa6ad5b5f06a54c9afad233a8bd73f44ae09,True
14.4,stage14_4_local_sse_heading,local-sse-heading-2p0deg-3d9eace3934e,local-sse-heading-2p0deg-3d9eace3934e-r002,completed,,,heading_spacing_deg,2.0,333.848845600005,332.6685209999996,441741312,0.9139840182765075,0.7664587790729686,2,26,136edb341bcc735a16e9d2f71e8efa6ad5b5f06a54c9afad233a8bd73f44ae09,True
14.4,stage14_4_local_sse_heading,local-sse-heading-2p5deg-ae4958094df0,local-sse-heading-2p5deg-ae4958094df0-r000,completed,,,heading_spacing_deg,2.5,225.7846041999992,225.05051290000029,363986944,0.9131141102803907,0.7561743337394496,2,26,df054e030a09fc5600dc7964872afcd3f3e3a21fc6dd79dd04b16e5a634bc49a,True
14.4,stage14_4_local_sse_heading,local-sse-heading-2p5deg-ae4958094df0,local-sse-heading-2p5deg-ae4958094df0-r001,completed,,,heading_spacing_deg,2.5,226.5706296999997,225.8687091999991,363732992,0.9131141102803907,0.7561743337394496,2,26,df054e030a09fc5600dc7964872afcd3f3e3a21fc6dd79dd04b16e5a634bc49a,True
14.4,stage14_4_local_sse_heading,local-sse-heading-2p5deg-ae4958094df0,local-sse-heading-2p5deg-ae4958094df0-r002,completed,,,heading_spacing_deg,2.5,226.30205000000024,225.60300240000106,364814336,0.9131141102803907,0.7561743337394496,2,26,df054e030a09fc5600dc7964872afcd3f3e3a21fc6dd79dd04b16e5a634bc49a,True
14.4,stage14_4_local_sse_heading,local-sse-heading-30p0deg-ddfbf58067b1,local-sse-heading-30p0deg-ddfbf58067b1-r000,initial_defender_infeasible,initial_defender_infeasible,local SSE was not certified,heading_spacing_deg,30.0,1.560854700001073,,59203584,,,,,,
14.4,stage14_4_local_sse_heading,local-sse-heading-30p0deg-ddfbf58067b1,local-sse-heading-30p0deg-ddfbf58067b1-r001,initial_defender_infeasible,initial_defender_infeasible,local SSE was not certified,heading_spacing_deg,30.0,1.6363376999943284,,70742016,,,,,,
14.4,stage14_4_local_sse_heading,local-sse-heading-30p0deg-ddfbf58067b1,local-sse-heading-30p0deg-ddfbf58067b1-r002,initial_defender_infeasible,initial_defender_infeasible,local SSE was not certified,heading_spacing_deg,30.0,1.5814958999981172,,64258048,,,,,,
14.4,stage14_4_local_sse_heading,local-sse-heading-36p0deg-a5bf09d66add,local-sse-heading-36p0deg-a5bf09d66add-r000,initial_defender_infeasible,initial_defender_infeasible,local SSE was not certified,heading_spacing_deg,36.0,1.561073499993654,,55463936,,,,,,
14.4,stage14_4_local_sse_heading,local-sse-heading-36p0deg-a5bf09d66add,local-sse-heading-36p0deg-a5bf09d66add-r001,initial_defender_infeasible,initial_defender_infeasible,local SSE was not certified,heading_spacing_deg,36.0,1.5558195000048727,,63602688,,,,,,
14.4,stage14_4_local_sse_heading,local-sse-heading-36p0deg-a5bf09d66add,local-sse-heading-36p0deg-a5bf09d66add-r002,initial_defender_infeasible,initial_defender_infeasible,local SSE was not certified,heading_spacing_deg,36.0,1.4877677000040421,,57438208,,,,,,
14.4,stage14_4_local_sse_heading,local-sse-heading-3p0deg-6e49bac70b34,local-sse-heading-3p0deg-6e49bac70b34-r000,completed,,,heading_spacing_deg,3.0,190.21802410000237,189.6436551000079,312991744,0.9388479364147708,0.7725524854709874,2,26,a82f35398718742950867a24b75d052547eee149ce4de764fe736cca693ef105,True
14.4,stage14_4_local_sse_heading,local-sse-heading-3p0deg-6e49bac70b34,local-sse-heading-3p0deg-6e49bac70b34-r001,completed,,,heading_spacing_deg,3.0,189.60600610000256,189.03711080001085,311787520,0.9388479364147708,0.7725524854709874,2,26,a82f35398718742950867a24b75d052547eee149ce4de764fe736cca693ef105,True
14.4,stage14_4_local_sse_heading,local-sse-heading-3p0deg-6e49bac70b34,local-sse-heading-3p0deg-6e49bac70b34-r002,completed,,,heading_spacing_deg,3.0,188.6017942000035,188.04023070000403,314032128,0.9388479364147708,0.7725524854709874,2,26,a82f35398718742950867a24b75d052547eee149ce4de764fe736cca693ef105,True
14.4,stage14_4_local_sse_heading,local-sse-heading-45p0deg-fc5fa5d0f1b3,local-sse-heading-45p0deg-fc5fa5d0f1b3-r000,initial_defender_infeasible,initial_defender_infeasible,local SSE was not certified,heading_spacing_deg,45.0,1.5538355999888154,,61349888,,,,,,
14.4,stage14_4_local_sse_heading,local-sse-heading-45p0deg-fc5fa5d0f1b3,local-sse-heading-45p0deg-fc5fa5d0f1b3-r001,initial_defender_infeasible,initial_defender_infeasible,local SSE was not certified,heading_spacing_deg,45.0,1.5772687999997288,,63651840,,,,,,
14.4,stage14_4_local_sse_heading,local-sse-heading-45p0deg-fc5fa5d0f1b3,local-sse-heading-45p0deg-fc5fa5d0f1b3-r002,initial_defender_infeasible,initial_defender_infeasible,local SSE was not certified,heading_spacing_deg,45.0,1.5427424000081373,,54280192,,,,,,
14.4,stage14_4_local_sse_heading,local-sse-heading-4p0deg-f72ca7f2647e,local-sse-heading-4p0deg-f72ca7f2647e-r000,completed,,,heading_spacing_deg,4.0,102.328932599994,101.71534569999494,245403648,0.9454203599323537,0.7735083747337392,2,38,2631879e428a599aac53cd0ea3b017364a9d91cb2301391a2094ed86890b4282,True
14.4,stage14_4_local_sse_heading,local-sse-heading-4p0deg-f72ca7f2647e,local-sse-heading-4p0deg-f72ca7f2647e-r001,completed,,,heading_spacing_deg,4.0,102.2005865000101,101.61839399999008,246480896,0.9454203599323537,0.7735083747337392,2,38,2631879e428a599aac53cd0ea3b017364a9d91cb2301391a2094ed86890b4282,True
14.4,stage14_4_local_sse_heading,local-sse-heading-4p0deg-f72ca7f2647e,local-sse-heading-4p0deg-f72ca7f2647e-r002,completed,,,heading_spacing_deg,4.0,103.76931469999545,103.16685229999712,245542912,0.9454203599323537,0.7735083747337392,2,38,2631879e428a599aac53cd0ea3b017364a9d91cb2301391a2094ed86890b4282,True
14.4,stage14_4_local_sse_heading,local-sse-heading-4p5deg-9def9f0217ba,local-sse-heading-4p5deg-9def9f0217ba-r000,completed,,,heading_spacing_deg,4.5,62.46334200000274,62.00363439999637,222355456,0.9449082865780206,0.7818042852783713,2,33,b7f7923909fa35a012f6f132d3588170dd2b05f0f49132ac3db6cc4cda3cbc6b,True
14.4,stage14_4_local_sse_heading,local-sse-heading-4p5deg-9def9f0217ba,local-sse-heading-4p5deg-9def9f0217ba-r001,completed,,,heading_spacing_deg,4.5,62.48102789999393,62.023388800007524,222040064,0.9449082865780206,0.7818042852783713,2,33,b7f7923909fa35a012f6f132d3588170dd2b05f0f49132ac3db6cc4cda3cbc6b,True
14.4,stage14_4_local_sse_heading,local-sse-heading-4p5deg-9def9f0217ba,local-sse-heading-4p5deg-9def9f0217ba-r002,completed,,,heading_spacing_deg,4.5,62.08770880001248,61.634180300010485,223506432,0.9449082865780206,0.7818042852783713,2,33,b7f7923909fa35a012f6f132d3588170dd2b05f0f49132ac3db6cc4cda3cbc6b,True
14.4,stage14_4_local_sse_heading,local-sse-heading-6p0deg-178a7efa4249,local-sse-heading-6p0deg-178a7efa4249-r000,completed,,,heading_spacing_deg,6.0,42.53663490001054,42.12017909999122,180703232,0.9707309175236374,0.7924387924683374,2,26,a1a3745567697e4cf840d64b9fb7a02c08057d439dcaf9455855589f1f16729d,True
14.4,stage14_4_local_sse_heading,local-sse-heading-6p0deg-178a7efa4249,local-sse-heading-6p0deg-178a7efa4249-r001,completed,,,heading_spacing_deg,6.0,42.04308139999921,41.60099080001237,179990528,0.9707309175236374,0.7924387924683374,2,26,a1a3745567697e4cf840d64b9fb7a02c08057d439dcaf9455855589f1f16729d,True
14.4,stage14_4_local_sse_heading,local-sse-heading-6p0deg-178a7efa4249,local-sse-heading-6p0deg-178a7efa4249-r002,completed,,,heading_spacing_deg,6.0,42.6483234000043,42.21658870000101,179077120,0.9707309175236374,0.7924387924683374,2,26,a1a3745567697e4cf840d64b9fb7a02c08057d439dcaf9455855589f1f16729d,True
14.4,stage14_4_local_sse_heading,local-sse-heading-7p5deg-763915a58a6f,local-sse-heading-7p5deg-763915a58a6f-r000,completed,,,heading_spacing_deg,7.5,27.132786399990437,26.68021979999321,153866240,0.9931717775052857,0.7994620104342559,2,26,967221facdc24d5a7c6f975a749726fd13a6309a31de0581b14e5f0bf29b18f1,True
14.4,stage14_4_local_sse_heading,local-sse-heading-7p5deg-763915a58a6f,local-sse-heading-7p5deg-763915a58a6f-r001,completed,,,heading_spacing_deg,7.5,27.108423099998618,26.68577899999218,154886144,0.9931717775052857,0.7994620104342559,2,26,967221facdc24d5a7c6f975a749726fd13a6309a31de0581b14e5f0bf29b18f1,True
14.4,stage14_4_local_sse_heading,local-sse-heading-7p5deg-763915a58a6f,local-sse-heading-7p5deg-763915a58a6f-r002,completed,,,heading_spacing_deg,7.5,26.695109099993715,26.28836570000567,155353088,0.9931717775052857,0.7994620104342559,2,26,967221facdc24d5a7c6f975a749726fd13a6309a31de0581b14e5f0bf29b18f1,True
14.4,stage14_4_local_sse_heading,local-sse-heading-9p0deg-951b3e6b25da,local-sse-heading-9p0deg-951b3e6b25da-r000,completed,,,heading_spacing_deg,9.0,14.460038600009284,14.037676199994166,134987776,0.9523292033786368,0.7847476713977815,2,26,ad0e25685a1034d1cdcb643d6d49d63e47a5274a16c6d6e35b53b83f4ed2b5c0,True
14.4,stage14_4_local_sse_heading,local-sse-heading-9p0deg-951b3e6b25da,local-sse-heading-9p0deg-951b3e6b25da-r001,completed,,,heading_spacing_deg,9.0,14.587517499996466,14.173929500000668,135921664,0.9523292033786368,0.7847476713977815,2,26,ad0e25685a1034d1cdcb643d6d49d63e47a5274a16c6d6e35b53b83f4ed2b5c0,True
14.4,stage14_4_local_sse_heading,local-sse-heading-9p0deg-951b3e6b25da,local-sse-heading-9p0deg-951b3e6b25da-r002,completed,,,heading_spacing_deg,9.0,14.360426300001564,13.931429699994624,136687616,0.9523292033786368,0.7847476713977815,2,26,ad0e25685a1034d1cdcb643d6d49d63e47a5274a16c6d6e35b53b83f4ed2b5c0,True
14.5,stage14_5_global_oracle_switching_density,global-oracle-switch-contour-12-1392c4974d4a,global-oracle-switch-contour-12-1392c4974d4a-r000,completed,,,switching_contour_sample_count,12,57.12054730000091,56.72609520000151,206704640,0.944086144839464,0.7814861193516704,2,26,827fe8228491a0469c901aed676fd640afac5870b094f2d62494678cd8acfb03,True
14.5,stage14_5_global_oracle_switching_density,global-oracle-switch-contour-12-1392c4974d4a,global-oracle-switch-contour-12-1392c4974d4a-r001,completed,,,switching_contour_sample_count,12,57.036023799999384,56.645975600000384,204779520,0.944086144839464,0.7814861193516704,2,26,827fe8228491a0469c901aed676fd640afac5870b094f2d62494678cd8acfb03,True
14.5,stage14_5_global_oracle_switching_density,global-oracle-switch-contour-12-1392c4974d4a,global-oracle-switch-contour-12-1392c4974d4a-r002,completed,,,switching_contour_sample_count,12,58.91101250000065,58.47677550000117,205099008,0.944086144839464,0.7814861193516704,2,26,827fe8228491a0469c901aed676fd640afac5870b094f2d62494678cd8acfb03,True
14.5,stage14_5_global_oracle_switching_density,global-oracle-switch-contour-6-ea26c4605ccd,global-oracle-switch-contour-6-ea26c4605ccd-r000,completed,,,switching_contour_sample_count,6,30.205193800000416,29.767364299999826,203579392,0.9451630119996846,0.7814711306439309,2,13,2e5af003acf127d3ca850785cde60ed96542479b070b91aab0ce1fe5a9680722,True
14.5,stage14_5_global_oracle_switching_density,global-oracle-switch-contour-6-ea26c4605ccd,global-oracle-switch-contour-6-ea26c4605ccd-r001,completed,,,switching_contour_sample_count,6,30.562479399999575,30.149918099999923,200474624,0.9451630119996846,0.7814711306439309,2,13,2e5af003acf127d3ca850785cde60ed96542479b070b91aab0ce1fe5a9680722,True
14.5,stage14_5_global_oracle_switching_density,global-oracle-switch-contour-6-ea26c4605ccd,global-oracle-switch-contour-6-ea26c4605ccd-r002,completed,,,switching_contour_sample_count,6,30.531826500000534,30.10141829999884,200941568,0.9451630119996846,0.7814711306439309,2,13,2e5af003acf127d3ca850785cde60ed96542479b070b91aab0ce1fe5a9680722,True
14.5,stage14_5_global_oracle_switching_density,global-oracle-switch-contour-9-88d639ebb1ac,global-oracle-switch-contour-9-88d639ebb1ac-r000,completed,,,switching_contour_sample_count,9,45.06932700000107,44.64716570000019,201936896,0.950208719670526,0.7814935518630626,2,20,1b04efe2e841ddf3cd307acf09bdb1ca5a03cf3c3653aba49d1e7822bdf89d7a,True
14.5,stage14_5_global_oracle_switching_density,global-oracle-switch-contour-9-88d639ebb1ac,global-oracle-switch-contour-9-88d639ebb1ac-r001,completed,,,switching_contour_sample_count,9,44.5059956999994,44.0688126999994,203218944,0.950208719670526,0.7814935518630626,2,20,1b04efe2e841ddf3cd307acf09bdb1ca5a03cf3c3653aba49d1e7822bdf89d7a,True
14.5,stage14_5_global_oracle_switching_density,global-oracle-switch-contour-9-88d639ebb1ac,global-oracle-switch-contour-9-88d639ebb1ac-r002,completed,,,switching_contour_sample_count,9,44.78967510000075,44.3638933000002,202010624,0.950208719670526,0.7814935518630626,2,20,1b04efe2e841ddf3cd307acf09bdb1ca5a03cf3c3653aba49d1e7822bdf89d7a,True
14.5,stage14_5_local_sse_switching_density,local-sse-switch-contour-12-9573a3afa818,local-sse-switch-contour-12-9573a3afa818-r000,completed,,,switching_contour_sample_count,12,60.01822379999976,59.60429180000028,206987264,0.944086144839464,0.7814861193516704,2,26,827fe8228491a0469c901aed676fd640afac5870b094f2d62494678cd8acfb03,True
14.5,stage14_5_local_sse_switching_density,local-sse-switch-contour-12-9573a3afa818,local-sse-switch-contour-12-9573a3afa818-r001,completed,,,switching_contour_sample_count,12,57.63626320000003,57.23755330000131,205488128,0.944086144839464,0.7814861193516704,2,26,827fe8228491a0469c901aed676fd640afac5870b094f2d62494678cd8acfb03,True
14.5,stage14_5_local_sse_switching_density,local-sse-switch-contour-12-9573a3afa818,local-sse-switch-contour-12-9573a3afa818-r002,completed,,,switching_contour_sample_count,12,57.552103399999396,57.159248100000696,206225408,0.944086144839464,0.7814861193516704,2,26,827fe8228491a0469c901aed676fd640afac5870b094f2d62494678cd8acfb03,True
14.5,stage14_5_local_sse_switching_density,local-sse-switch-contour-6-d03c3c96ef0b,local-sse-switch-contour-6-d03c3c96ef0b-r000,completed,,,switching_contour_sample_count,6,17.467345099999875,17.048840499999642,200351744,0.1918606116922587,0.014278006923464828,0,16,80ad8a18d7594049c34751159b336262840993d85b8842d0fce5ede245a92607,True
14.5,stage14_5_local_sse_switching_density,local-sse-switch-contour-6-d03c3c96ef0b,local-sse-switch-contour-6-d03c3c96ef0b-r001,completed,,,switching_contour_sample_count,6,17.551876400000765,17.13889350000136,200036352,0.1918606116922587,0.014278006923464828,0,16,80ad8a18d7594049c34751159b336262840993d85b8842d0fce5ede245a92607,True
14.5,stage14_5_local_sse_switching_density,local-sse-switch-contour-6-d03c3c96ef0b,local-sse-switch-contour-6-d03c3c96ef0b-r002,completed,,,switching_contour_sample_count,6,17.313423199999306,16.912506000000576,200564736,0.1918606116922587,0.014278006923464828,0,16,80ad8a18d7594049c34751159b336262840993d85b8842d0fce5ede245a92607,True
14.5,stage14_5_local_sse_switching_density,local-sse-switch-contour-9-013e244ee6da,local-sse-switch-contour-9-013e244ee6da-r000,completed,,,switching_contour_sample_count,9,44.811704499999905,44.39452690000144,203538432,0.950208719670526,0.7814935518630626,2,20,1b04efe2e841ddf3cd307acf09bdb1ca5a03cf3c3653aba49d1e7822bdf89d7a,True
14.5,stage14_5_local_sse_switching_density,local-sse-switch-contour-9-013e244ee6da,local-sse-switch-contour-9-013e244ee6da-r001,completed,,,switching_contour_sample_count,9,44.45805149999978,44.039061100000254,203247616,0.950208719670526,0.7814935518630626,2,20,1b04efe2e841ddf3cd307acf09bdb1ca5a03cf3c3653aba49d1e7822bdf89d7a,True
14.5,stage14_5_local_sse_switching_density,local-sse-switch-contour-9-013e244ee6da,local-sse-switch-contour-9-013e244ee6da-r002,completed,,,switching_contour_sample_count,9,44.359235900001295,43.939687300000514,203014144,0.950208719670526,0.7814935518630626,2,20,1b04efe2e841ddf3cd307acf09bdb1ca5a03cf3c3653aba49d1e7822bdf89d7a,True
14.6,stage14_6_local_sse_neighbor_radius,local-sse-r-neighbor-1-69d3ac42f283,local-sse-r-neighbor-1-69d3ac42f283-r000,completed,,,r_neighbor,1,19.174683400000504,18.78222789999927,200527872,0.18906376619883056,0.015043572080443185,0,34,2e2628015162b6fb0e5fc629f702af1f77795943c50c1f77fd970c6c4dfa3ca2,True
14.6,stage14_6_local_sse_neighbor_radius,local-sse-r-neighbor-1-69d3ac42f283,local-sse-r-neighbor-1-69d3ac42f283-r001,completed,,,r_neighbor,1,19.154354799999055,18.759946500000297,200511488,0.18906376619883056,0.015043572080443185,0,34,2e2628015162b6fb0e5fc629f702af1f77795943c50c1f77fd970c6c4dfa3ca2,True
14.6,stage14_6_local_sse_neighbor_radius,local-sse-r-neighbor-1-69d3ac42f283,local-sse-r-neighbor-1-69d3ac42f283-r002,completed,,,r_neighbor,1,19.226641400000517,18.821672500000204,200036352,0.18906376619883056,0.015043572080443185,0,34,2e2628015162b6fb0e5fc629f702af1f77795943c50c1f77fd970c6c4dfa3ca2,True
14.6,stage14_6_local_sse_neighbor_radius,local-sse-r-neighbor-2-f52214fd8f05,local-sse-r-neighbor-2-f52214fd8f05-r000,completed,,,r_neighbor,2,20.33153289999973,19.93959580000046,199471104,0.18906376619883056,0.015043572080443185,0,34,2e2628015162b6fb0e5fc629f702af1f77795943c50c1f77fd970c6c4dfa3ca2,True
14.6,stage14_6_local_sse_neighbor_radius,local-sse-r-neighbor-2-f52214fd8f05,local-sse-r-neighbor-2-f52214fd8f05-r001,completed,,,r_neighbor,2,20.17987659999926,19.77889479999976,200368128,0.18906376619883056,0.015043572080443185,0,34,2e2628015162b6fb0e5fc629f702af1f77795943c50c1f77fd970c6c4dfa3ca2,True
14.6,stage14_6_local_sse_neighbor_radius,local-sse-r-neighbor-2-f52214fd8f05,local-sse-r-neighbor-2-f52214fd8f05-r002,completed,,,r_neighbor,2,20.275088700000197,19.88762619999943,199307264,0.18906376619883056,0.015043572080443185,0,34,2e2628015162b6fb0e5fc629f702af1f77795943c50c1f77fd970c6c4dfa3ca2,True
14.6,stage14_6_local_sse_neighbor_radius,local-sse-r-neighbor-4-7c53a9d6272c,local-sse-r-neighbor-4-7c53a9d6272c-r000,completed,,,r_neighbor,4,22.73106639999969,22.296499800000674,200593408,0.18906376619883056,0.015043572080443185,0,34,2e2628015162b6fb0e5fc629f702af1f77795943c50c1f77fd970c6c4dfa3ca2,True
14.6,stage14_6_local_sse_neighbor_radius,local-sse-r-neighbor-4-7c53a9d6272c,local-sse-r-neighbor-4-7c53a9d6272c-r001,completed,,,r_neighbor,4,22.51677269999891,22.087534099999175,200634368,0.18906376619883056,0.015043572080443185,0,34,2e2628015162b6fb0e5fc629f702af1f77795943c50c1f77fd970c6c4dfa3ca2,True
14.6,stage14_6_local_sse_neighbor_radius,local-sse-r-neighbor-4-7c53a9d6272c,local-sse-r-neighbor-4-7c53a9d6272c-r002,completed,,,r_neighbor,4,22.67444710000018,22.258922099999836,203882496,0.18906376619883056,0.015043572080443185,0,34,2e2628015162b6fb0e5fc629f702af1f77795943c50c1f77fd970c6c4dfa3ca2,True
14.6,stage14_6_exact_global_full_radius_reference,global-oracle-r-neighbor-8-reference-825b789a73e4,global-oracle-r-neighbor-8-reference-825b789a73e4-r000,completed,,,r_neighbor,8,49.180244799999855,48.76441750000049,206401536,0.944086144839464,0.7814861193516704,8,26,827fe8228491a0469c901aed676fd640afac5870b094f2d62494678cd8acfb03,True
14.6,stage14_6_exact_global_full_radius_reference,global-oracle-r-neighbor-8-reference-825b789a73e4,global-oracle-r-neighbor-8-reference-825b789a73e4-r001,completed,,,r_neighbor,8,48.94129999999859,48.49054289999913,205029376,0.944086144839464,0.7814861193516704,8,26,827fe8228491a0469c901aed676fd640afac5870b094f2d62494678cd8acfb03,True
14.6,stage14_6_exact_global_full_radius_reference,global-oracle-r-neighbor-8-reference-825b789a73e4,global-oracle-r-neighbor-8-reference-825b789a73e4-r002,completed,,,r_neighbor,8,49.1428906000001,48.72104989999934,205590528,0.944086144839464,0.7814861193516704,8,26,827fe8228491a0469c901aed676fd640afac5870b094f2d62494678cd8acfb03,True
14.6,stage14_6_local_sse_neighbor_radius,local-sse-r-neighbor-8-9dd871c09f65,local-sse-r-neighbor-8-9dd871c09f65-r000,completed,,,r_neighbor,8,48.84693150000021,48.42440830000123,205746176,0.944086144839464,0.7814861193516704,8,26,827fe8228491a0469c901aed676fd640afac5870b094f2d62494678cd8acfb03,True
14.6,stage14_6_local_sse_neighbor_radius,local-sse-r-neighbor-8-9dd871c09f65,local-sse-r-neighbor-8-9dd871c09f65-r001,completed,,,r_neighbor,8,48.89244950000102,48.48631550000027,205549568,0.944086144839464,0.7814861193516704,8,26,827fe8228491a0469c901aed676fd640afac5870b094f2d62494678cd8acfb03,True
14.6,stage14_6_local_sse_neighbor_radius,local-sse-r-neighbor-8-9dd871c09f65,local-sse-r-neighbor-8-9dd871c09f65-r002,completed,,,r_neighbor,8,48.82324530000005,48.41886479999994,205471744,0.944086144839464,0.7814861193516704,8,26,827fe8228491a0469c901aed676fd640afac5870b094f2d62494678cd8acfb03,True
14.8,stage14_8_final_gate,canonical-centered-cube-25m-25m-5deg-final-smoke-d6a356d48dd1,canonical-centered-cube-25m-25m-5deg-final-smoke-d6a356d48dd1-r000,completed,,,horizontal_spacing_m,25.0,61.39776189999975,60.95260539999799,203554816,0.944086144839464,0.7814861193516704,2,26,827fe8228491a0469c901aed676fd640afac5870b094f2d62494678cd8acfb03,True
