stage_source,case_id,attempted_repetitions,completed_repetitions,status_counts_json,median_total_runtime_s,median_peak_rss_bytes,median_attacker_objective,median_defender_objective,unique_solution_signature_count,all_completed_replays_pass,configuration_json
14.2,canonical-centered-cube-25m-25m-5deg-533a50c86023,3,3,"{""completed"": 3}",62.40206969999963,204320768.0,0.944086144839464,0.7814861193516704,1,True,"{""experiment_type"": ""stage14_2_smoke"", ""memory_limit_bytes"": null, ""name"": ""canonical_centered_cube_25m_25m_5deg"", ""parameters"": {""altitude_spacing_m"": 25.0, ""heading_spacing_deg"": 5.0, ""horizontal_spacing_m"": 25.0, ""terrain_category"": ""centered_cube""}, ""process_semantics"": ""fresh cold process per repetition"", ""sampling_interval_s"": 0.01, ""sweep_variable"": ""horizontal_spacing_m"", ""timeout_s"": 300.0, ""worker_mode"": ""canonical""}"
14.2,controlled-timeout-fixture-e320451e13a7,1,0,"{""timeout"": 1}",,,,,0,False,"{""experiment_type"": ""stage14_2_smoke"", ""memory_limit_bytes"": null, ""name"": ""controlled_timeout_fixture"", ""parameters"": {""delay_s"": 2.0}, ""process_semantics"": ""fresh cold process per repetition"", ""sampling_interval_s"": 0.01, ""sweep_variable"": ""delay_s"", ""timeout_s"": 0.25, ""worker_mode"": ""controlled_timeout""}"
14.2,explicit-infeasible-centered-cube-small-76403510096e,1,0,"{""model_infeasible"": 1}",,,,,0,False,"{""experiment_type"": ""stage14_2_smoke"", ""memory_limit_bytes"": null, ""name"": ""explicit_infeasible_centered_cube_small"", ""parameters"": {""switching_contour_sample_count"": 2, ""terrain_category"": ""centered_cube"", ""vehicle_and_objectives_unchanged"": true}, ""process_semantics"": ""fresh cold process per repetition"", ""sampling_interval_s"": 0.01, ""sweep_variable"": ""switching_contour_sample_count"", ""timeout_s"": 30.0, ""worker_mode"": ""infeasible""}"
14.2C,global-oracle-canonical-anchor-1e73ac12d4de,3,3,"{""completed"": 3}",58.409136999998736,205864960.0,0.944086144839464,0.7814861193516704,1,True,"{""experiment_type"": ""stage14_2c_global_oracle_baseline"", ""memory_limit_bytes"": 4294967296, ""name"": ""global_oracle_canonical_anchor"", ""parameters"": {""approximate_planner"": false, ""baseline_anchor"": 0, ""defender_action_count"": 3, ""defender_domain_x_max"": 7.5, ""defender_domain_x_min"": 5.0, ""defender_grid_policy"": ""canonical_three"", ""heading_spacing_deg"": 5.0, ""initial_defender_action_id"": 0, ""multi_start"": false, ""r_neighbor"": 1, ""reinforcement_learning"": false, ""spatial_resolution_m"": 25.0, ""switching_contour_sample_count"": 12, ""switching_radial_sample_count"": 8, ""terrain_category"": ""centered_cube""}, ""process_semantics"": ""fresh cold process per repetition"", ""sampling_interval_s"": 0.02, ""sweep_variable"": ""baseline_anchor"", ""timeout_s"": 300.0, ""worker_mode"": ""global_oracle""}"
14.2C,global-oracle-defender-count-2-285658b91785,3,3,"{""completed"": 3}",38.42430400000012,204066816.0,0.944086144839464,0.7814861193516704,1,True,"{""experiment_type"": ""stage14_2c_global_oracle_defender"", ""memory_limit_bytes"": 4294967296, ""name"": ""global_oracle_defender_count_2"", ""parameters"": {""approximate_planner"": false, ""baseline_anchor"": 0, ""defender_action_count"": 2, ""defender_domain_x_max"": 7.5, ""defender_domain_x_min"": 5.0, ""defender_grid_policy"": ""uniform_fixed_domain"", ""heading_spacing_deg"": 5.0, ""initial_defender_action_id"": 0, ""multi_start"": false, ""r_neighbor"": 1, ""reinforcement_learning"": false, ""spatial_resolution_m"": 25.0, ""switching_contour_sample_count"": 12, ""switching_radial_sample_count"": 8, ""terrain_category"": ""centered_cube""}, ""process_semantics"": ""fresh cold process per repetition"", ""sampling_interval_s"": 0.02, ""sweep_variable"": ""defender_action_count"", ""timeout_s"": 300.0, ""worker_mode"": ""global_oracle""}"
14.2C,global-oracle-defender-count-3-64ce341a5ade,3,3,"{""completed"": 3}",39.52578960000028,203735040.0,0.944086144839464,0.7814861193516704,1,True,"{""experiment_type"": ""stage14_2c_global_oracle_defender"", ""memory_limit_bytes"": 4294967296, ""name"": ""global_oracle_defender_count_3"", ""parameters"": {""approximate_planner"": false, ""baseline_anchor"": 0, ""defender_action_count"": 3, ""defender_domain_x_max"": 7.5, ""defender_domain_x_min"": 5.0, ""defender_grid_policy"": ""uniform_fixed_domain"", ""heading_spacing_deg"": 5.0, ""initial_defender_action_id"": 0, ""multi_start"": false, ""r_neighbor"": 1, ""reinforcement_learning"": false, ""spatial_resolution_m"": 25.0, ""switching_contour_sample_count"": 12, ""switching_radial_sample_count"": 8, ""terrain_category"": ""centered_cube""}, ""process_semantics"": ""fresh cold process per repetition"", ""sampling_interval_s"": 0.02, ""sweep_variable"": ""defender_action_count"", ""timeout_s"": 300.0, ""worker_mode"": ""global_oracle""}"
14.2C,global-oracle-defender-count-5-ffd9be48790c,3,3,"{""completed"": 3}",41.74851529999978,205287424.0,0.944086144839464,0.7814861193516704,1,True,"{""experiment_type"": ""stage14_2c_global_oracle_defender"", ""memory_limit_bytes"": 4294967296, ""name"": ""global_oracle_defender_count_5"", ""parameters"": {""approximate_planner"": false, ""baseline_anchor"": 0, ""defender_action_count"": 5, ""defender_domain_x_max"": 7.5, ""defender_domain_x_min"": 5.0, ""defender_grid_policy"": ""uniform_fixed_domain"", ""heading_spacing_deg"": 5.0, ""initial_defender_action_id"": 0, ""multi_start"": false, ""r_neighbor"": 1, ""reinforcement_learning"": false, ""spatial_resolution_m"": 25.0, ""switching_contour_sample_count"": 12, ""switching_radial_sample_count"": 8, ""terrain_category"": ""centered_cube""}, ""process_semantics"": ""fresh cold process per repetition"", ""sampling_interval_s"": 0.02, ""sweep_variable"": ""defender_action_count"", ""timeout_s"": 300.0, ""worker_mode"": ""global_oracle""}"
14.2C,global-oracle-heading-10deg-918229a54b84,3,3,"{""completed"": 3}",11.047308399998656,127594496.0,0.952687238683972,0.7843318987084812,1,True,"{""experiment_type"": ""stage14_2c_global_oracle_heading"", ""memory_limit_bytes"": 4294967296, ""name"": ""global_oracle_heading_10deg"", ""parameters"": {""approximate_planner"": false, ""baseline_anchor"": 0, ""defender_action_count"": 3, ""defender_domain_x_max"": 7.5, ""defender_domain_x_min"": 5.0, ""defender_grid_policy"": ""canonical_three"", ""heading_spacing_deg"": 10.0, ""initial_defender_action_id"": 0, ""multi_start"": false, ""r_neighbor"": 1, ""reinforcement_learning"": false, ""spatial_resolution_m"": 25.0, ""switching_contour_sample_count"": 12, ""switching_radial_sample_count"": 8, ""terrain_category"": ""centered_cube""}, ""process_semantics"": ""fresh cold process per repetition"", ""sampling_interval_s"": 0.02, ""sweep_variable"": ""heading_spacing_deg"", ""timeout_s"": 300.0, ""worker_mode"": ""global_oracle""}"
14.2C,global-oracle-heading-15deg-0f610710b342,3,3,"{""completed"": 3}",4.365279999999984,99504128.0,0.9697241814714522,0.7912859636040508,1,True,"{""experiment_type"": ""stage14_2c_global_oracle_heading"", ""memory_limit_bytes"": 4294967296, ""name"": ""global_oracle_heading_15deg"", ""parameters"": {""approximate_planner"": false, ""baseline_anchor"": 0, ""defender_action_count"": 3, ""defender_domain_x_max"": 7.5, ""defender_domain_x_min"": 5.0, ""defender_grid_policy"": ""canonical_three"", ""heading_spacing_deg"": 15.0, ""initial_defender_action_id"": 0, ""multi_start"": false, ""r_neighbor"": 1, ""reinforcement_learning"": false, ""spatial_resolution_m"": 25.0, ""switching_contour_sample_count"": 12, ""switching_radial_sample_count"": 8, ""terrain_category"": ""centered_cube""}, ""process_semantics"": ""fresh cold process per repetition"", ""sampling_interval_s"": 0.02, ""sweep_variable"": ""heading_spacing_deg"", ""timeout_s"": 300.0, ""worker_mode"": ""global_oracle""}"
14.2C,global-oracle-spatial-100m-327244e884b8,3,3,"{""completed"": 3}",7.511610199999268,65593344.0,1.4049827579238952,0.912150500664634,1,True,"{""experiment_type"": ""stage14_2c_global_oracle_spatial"", ""memory_limit_bytes"": 4294967296, ""name"": ""global_oracle_spatial_100m"", ""parameters"": {""approximate_planner"": false, ""baseline_anchor"": 0, ""defender_action_count"": 3, ""defender_domain_x_max"": 7.5, ""defender_domain_x_min"": 5.0, ""defender_grid_policy"": ""canonical_three"", ""heading_spacing_deg"": 5.0, ""initial_defender_action_id"": 0, ""multi_start"": false, ""r_neighbor"": 1, ""reinforcement_learning"": false, ""spatial_resolution_m"": 100.0, ""switching_contour_sample_count"": 12, ""switching_radial_sample_count"": 8, ""terrain_category"": ""centered_cube""}, ""process_semantics"": ""fresh cold process per repetition"", ""sampling_interval_s"": 0.02, ""sweep_variable"": ""spatial_resolution_m"", ""timeout_s"": 300.0, ""worker_mode"": ""global_oracle""}"
14.2C,global-oracle-spatial-50m-9d6debde9b25,3,3,"{""completed"": 3}",28.436136700000134,76431360.0,1.340553884072545,0.8938345470153469,1,True,"{""experiment_type"": ""stage14_2c_global_oracle_spatial"", ""memory_limit_bytes"": 4294967296, ""name"": ""global_oracle_spatial_50m"", ""parameters"": {""approximate_planner"": false, ""baseline_anchor"": 0, ""defender_action_count"": 3, ""defender_domain_x_max"": 7.5, ""defender_domain_x_min"": 5.0, ""defender_grid_policy"": ""canonical_three"", ""heading_spacing_deg"": 5.0, ""initial_defender_action_id"": 0, ""multi_start"": false, ""r_neighbor"": 1, ""reinforcement_learning"": false, ""spatial_resolution_m"": 50.0, ""switching_contour_sample_count"": 12, ""switching_radial_sample_count"": 8, ""terrain_category"": ""centered_cube""}, ""process_semantics"": ""fresh cold process per repetition"", ""sampling_interval_s"": 0.02, ""sweep_variable"": ""spatial_resolution_m"", ""timeout_s"": 300.0, ""worker_mode"": ""global_oracle""}"
14.2C,global-oracle-switch-contour-6-da814cd9ca50,3,3,"{""completed"": 3}",27.842505900000106,202170368.0,0.9451630119996846,0.7814711306439309,1,True,"{""experiment_type"": ""stage14_2c_global_oracle_switching"", ""memory_limit_bytes"": 4294967296, ""name"": ""global_oracle_switch_contour_6"", ""parameters"": {""approximate_planner"": false, ""baseline_anchor"": 0, ""defender_action_count"": 3, ""defender_domain_x_max"": 7.5, ""defender_domain_x_min"": 5.0, ""defender_grid_policy"": ""canonical_three"", ""heading_spacing_deg"": 5.0, ""initial_defender_action_id"": 0, ""multi_start"": false, ""r_neighbor"": 1, ""reinforcement_learning"": false, ""spatial_resolution_m"": 25.0, ""switching_contour_sample_count"": 6, ""switching_radial_sample_count"": 8, ""terrain_category"": ""centered_cube""}, ""process_semantics"": ""fresh cold process per repetition"", ""sampling_interval_s"": 0.02, ""sweep_variable"": ""switching_contour_sample_count"", ""timeout_s"": 300.0, ""worker_mode"": ""global_oracle""}"
14.2C,global-oracle-switch-contour-9-78ec96fbf287,3,3,"{""completed"": 3}",41.27791380000053,203653120.0,0.950208719670526,0.7814935518630626,1,True,"{""experiment_type"": ""stage14_2c_global_oracle_switching"", ""memory_limit_bytes"": 4294967296, ""name"": ""global_oracle_switch_contour_9"", ""parameters"": {""approximate_planner"": false, ""baseline_anchor"": 0, ""defender_action_count"": 3, ""defender_domain_x_max"": 7.5, ""defender_domain_x_min"": 5.0, ""defender_grid_policy"": ""canonical_three"", ""heading_spacing_deg"": 5.0, ""initial_defender_action_id"": 0, ""multi_start"": false, ""r_neighbor"": 1, ""reinforcement_learning"": false, ""spatial_resolution_m"": 25.0, ""switching_contour_sample_count"": 9, ""switching_radial_sample_count"": 8, ""terrain_category"": ""centered_cube""}, ""process_semantics"": ""fresh cold process per repetition"", ""sampling_interval_s"": 0.02, ""sweep_variable"": ""switching_contour_sample_count"", ""timeout_s"": 300.0, ""worker_mode"": ""global_oracle""}"
14.2C,local-sse-canonical-anchor-4f8cae874bcf,3,3,"{""completed"": 3}",58.59568979999858,207331328.0,0.944086144839464,0.7814861193516704,1,True,"{""experiment_type"": ""stage14_2c_local_sse_baseline"", ""memory_limit_bytes"": 4294967296, ""name"": ""local_sse_canonical_anchor"", ""parameters"": {""approximate_planner"": false, ""baseline_anchor"": 0, ""defender_action_count"": 3, ""defender_domain_x_max"": 7.5, ""defender_domain_x_min"": 5.0, ""defender_grid_policy"": ""canonical_three"", ""heading_spacing_deg"": 5.0, ""initial_defender_action_id"": 0, ""multi_start"": false, ""r_neighbor"": 1, ""reinforcement_learning"": false, ""spatial_resolution_m"": 25.0, ""switching_contour_sample_count"": 12, ""switching_radial_sample_count"": 8, ""terrain_category"": ""centered_cube""}, ""process_semantics"": ""fresh cold process per repetition"", ""sampling_interval_s"": 0.02, ""sweep_variable"": ""baseline_anchor"", ""timeout_s"": 300.0, ""worker_mode"": ""local_sse""}"
14.2C,local-sse-defender-count-2-4fcf6bf31f73,3,3,"{""completed"": 3}",40.568966400000136,203505664.0,0.944086144839464,0.7814861193516704,1,True,"{""experiment_type"": ""stage14_2c_local_sse_defender"", ""memory_limit_bytes"": 4294967296, ""name"": ""local_sse_defender_count_2"", ""parameters"": {""approximate_planner"": false, ""baseline_anchor"": 0, ""defender_action_count"": 2, ""defender_domain_x_max"": 7.5, ""defender_domain_x_min"": 5.0, ""defender_grid_policy"": ""uniform_fixed_domain"", ""heading_spacing_deg"": 5.0, ""initial_defender_action_id"": 0, ""multi_start"": false, ""r_neighbor"": 1, ""reinforcement_learning"": false, ""spatial_resolution_m"": 25.0, ""switching_contour_sample_count"": 12, ""switching_radial_sample_count"": 8, ""terrain_category"": ""centered_cube""}, ""process_semantics"": ""fresh cold process per repetition"", ""sampling_interval_s"": 0.02, ""sweep_variable"": ""defender_action_count"", ""timeout_s"": 300.0, ""worker_mode"": ""local_sse""}"
14.2C,local-sse-defender-count-3-ba86435db2d4,3,3,"{""completed"": 3}",18.876268700001674,201150464.0,0.18906376619883056,0.015043572080443185,1,True,"{""experiment_type"": ""stage14_2c_local_sse_defender"", ""memory_limit_bytes"": 4294967296, ""name"": ""local_sse_defender_count_3"", ""parameters"": {""approximate_planner"": false, ""baseline_anchor"": 0, ""defender_action_count"": 3, ""defender_domain_x_max"": 7.5, ""defender_domain_x_min"": 5.0, ""defender_grid_policy"": ""uniform_fixed_domain"", ""heading_spacing_deg"": 5.0, ""initial_defender_action_id"": 0, ""multi_start"": false, ""r_neighbor"": 1, ""reinforcement_learning"": false, ""spatial_resolution_m"": 25.0, ""switching_contour_sample_count"": 12, ""switching_radial_sample_count"": 8, ""terrain_category"": ""centered_cube""}, ""process_semantics"": ""fresh cold process per repetition"", ""sampling_interval_s"": 0.02, ""sweep_variable"": ""defender_action_count"", ""timeout_s"": 300.0, ""worker_mode"": ""local_sse""}"
14.2C,local-sse-defender-count-5-0eef97e47408,3,3,"{""completed"": 3}",19.054832999998325,201113600.0,0.18906376619883056,0.015043572080443185,1,True,"{""experiment_type"": ""stage14_2c_local_sse_defender"", ""memory_limit_bytes"": 4294967296, ""name"": ""local_sse_defender_count_5"", ""parameters"": {""approximate_planner"": false, ""baseline_anchor"": 0, ""defender_action_count"": 5, ""defender_domain_x_max"": 7.5, ""defender_domain_x_min"": 5.0, ""defender_grid_policy"": ""uniform_fixed_domain"", ""heading_spacing_deg"": 5.0, ""initial_defender_action_id"": 0, ""multi_start"": false, ""r_neighbor"": 1, ""reinforcement_learning"": false, ""spatial_resolution_m"": 25.0, ""switching_contour_sample_count"": 12, ""switching_radial_sample_count"": 8, ""terrain_category"": ""centered_cube""}, ""process_semantics"": ""fresh cold process per repetition"", ""sampling_interval_s"": 0.02, ""sweep_variable"": ""defender_action_count"", ""timeout_s"": 300.0, ""worker_mode"": ""local_sse""}"
14.2C,local-sse-heading-10deg-99d5ff795b79,3,3,"{""completed"": 3}",11.785441899999569,128036864.0,0.952687238683972,0.7843318987084812,1,True,"{""experiment_type"": ""stage14_2c_local_sse_heading"", ""memory_limit_bytes"": 4294967296, ""name"": ""local_sse_heading_10deg"", ""parameters"": {""approximate_planner"": false, ""baseline_anchor"": 0, ""defender_action_count"": 3, ""defender_domain_x_max"": 7.5, ""defender_domain_x_min"": 5.0, ""defender_grid_policy"": ""canonical_three"", ""heading_spacing_deg"": 10.0, ""initial_defender_action_id"": 0, ""multi_start"": false, ""r_neighbor"": 1, ""reinforcement_learning"": false, ""spatial_resolution_m"": 25.0, ""switching_contour_sample_count"": 12, ""switching_radial_sample_count"": 8, ""terrain_category"": ""centered_cube""}, ""process_semantics"": ""fresh cold process per repetition"", ""sampling_interval_s"": 0.02, ""sweep_variable"": ""heading_spacing_deg"", ""timeout_s"": 300.0, ""worker_mode"": ""local_sse""}"
14.2C,local-sse-heading-15deg-fd857640a579,3,3,"{""completed"": 3}",4.5650158999997075,99729408.0,0.9697241814714522,0.7912859636040508,1,True,"{""experiment_type"": ""stage14_2c_local_sse_heading"", ""memory_limit_bytes"": 4294967296, ""name"": ""local_sse_heading_15deg"", ""parameters"": {""approximate_planner"": false, ""baseline_anchor"": 0, ""defender_action_count"": 3, ""defender_domain_x_max"": 7.5, ""defender_domain_x_min"": 5.0, ""defender_grid_policy"": ""canonical_three"", ""heading_spacing_deg"": 15.0, ""initial_defender_action_id"": 0, ""multi_start"": false, ""r_neighbor"": 1, ""reinforcement_learning"": false, ""spatial_resolution_m"": 25.0, ""switching_contour_sample_count"": 12, ""switching_radial_sample_count"": 8, ""terrain_category"": ""centered_cube""}, ""process_semantics"": ""fresh cold process per repetition"", ""sampling_interval_s"": 0.02, ""sweep_variable"": ""heading_spacing_deg"", ""timeout_s"": 300.0, ""worker_mode"": ""local_sse""}"
14.2C,local-sse-spatial-100m-48fa3d04001e,3,3,"{""completed"": 3}",7.857608700000128,66641920.0,1.4049827579238952,0.912150500664634,1,True,"{""experiment_type"": ""stage14_2c_local_sse_spatial"", ""memory_limit_bytes"": 4294967296, ""name"": ""local_sse_spatial_100m"", ""parameters"": {""approximate_planner"": false, ""baseline_anchor"": 0, ""defender_action_count"": 3, ""defender_domain_x_max"": 7.5, ""defender_domain_x_min"": 5.0, ""defender_grid_policy"": ""canonical_three"", ""heading_spacing_deg"": 5.0, ""initial_defender_action_id"": 0, ""multi_start"": false, ""r_neighbor"": 1, ""reinforcement_learning"": false, ""spatial_resolution_m"": 100.0, ""switching_contour_sample_count"": 12, ""switching_radial_sample_count"": 8, ""terrain_category"": ""centered_cube""}, ""process_semantics"": ""fresh cold process per repetition"", ""sampling_interval_s"": 0.02, ""sweep_variable"": ""spatial_resolution_m"", ""timeout_s"": 300.0, ""worker_mode"": ""local_sse""}"
14.2C,local-sse-spatial-50m-018909d9134d,3,3,"{""completed"": 3}",29.869508699999642,76288000.0,1.340553884072545,0.8938345470153469,1,True,"{""experiment_type"": ""stage14_2c_local_sse_spatial"", ""memory_limit_bytes"": 4294967296, ""name"": ""local_sse_spatial_50m"", ""parameters"": {""approximate_planner"": false, ""baseline_anchor"": 0, ""defender_action_count"": 3, ""defender_domain_x_max"": 7.5, ""defender_domain_x_min"": 5.0, ""defender_grid_policy"": ""canonical_three"", ""heading_spacing_deg"": 5.0, ""initial_defender_action_id"": 0, ""multi_start"": false, ""r_neighbor"": 1, ""reinforcement_learning"": false, ""spatial_resolution_m"": 50.0, ""switching_contour_sample_count"": 12, ""switching_radial_sample_count"": 8, ""terrain_category"": ""centered_cube""}, ""process_semantics"": ""fresh cold process per repetition"", ""sampling_interval_s"": 0.02, ""sweep_variable"": ""spatial_resolution_m"", ""timeout_s"": 300.0, ""worker_mode"": ""local_sse""}"
14.2C,local-sse-switch-contour-6-aee51a45bb4c,3,3,"{""completed"": 3}",16.876671500000157,200318976.0,0.1918606116922587,0.014278006923464828,1,True,"{""experiment_type"": ""stage14_2c_local_sse_switching"", ""memory_limit_bytes"": 4294967296, ""name"": ""local_sse_switch_contour_6"", ""parameters"": {""approximate_planner"": false, ""baseline_anchor"": 0, ""defender_action_count"": 3, ""defender_domain_x_max"": 7.5, ""defender_domain_x_min"": 5.0, ""defender_grid_policy"": ""canonical_three"", ""heading_spacing_deg"": 5.0, ""initial_defender_action_id"": 0, ""multi_start"": false, ""r_neighbor"": 1, ""reinforcement_learning"": false, ""spatial_resolution_m"": 25.0, ""switching_contour_sample_count"": 6, ""switching_radial_sample_count"": 8, ""terrain_category"": ""centered_cube""}, ""process_semantics"": ""fresh cold process per repetition"", ""sampling_interval_s"": 0.02, ""sweep_variable"": ""switching_contour_sample_count"", ""timeout_s"": 300.0, ""worker_mode"": ""local_sse""}"
14.2C,local-sse-switch-contour-9-7751ae19defd,3,3,"{""completed"": 3}",43.96659870000076,202829824.0,0.950208719670526,0.7814935518630626,1,True,"{""experiment_type"": ""stage14_2c_local_sse_switching"", ""memory_limit_bytes"": 4294967296, ""name"": ""local_sse_switch_contour_9"", ""parameters"": {""approximate_planner"": false, ""baseline_anchor"": 0, ""defender_action_count"": 3, ""defender_domain_x_max"": 7.5, ""defender_domain_x_min"": 5.0, ""defender_grid_policy"": ""canonical_three"", ""heading_spacing_deg"": 5.0, ""initial_defender_action_id"": 0, ""multi_start"": false, ""r_neighbor"": 1, ""reinforcement_learning"": false, ""spatial_resolution_m"": 25.0, ""switching_contour_sample_count"": 9, ""switching_radial_sample_count"": 8, ""terrain_category"": ""centered_cube""}, ""process_semantics"": ""fresh cold process per repetition"", ""sampling_interval_s"": 0.02, ""sweep_variable"": ""switching_contour_sample_count"", ""timeout_s"": 300.0, ""worker_mode"": ""local_sse""}"
14.3,global-oracle-canonical-anchor-1e73ac12d4de,3,3,"{""completed"": 3}",58.409136999998736,205864960.0,0.944086144839464,0.7814861193516704,1,True,"{""experiment_type"": ""stage14_2c_global_oracle_baseline"", ""memory_limit_bytes"": 4294967296, ""name"": ""global_oracle_canonical_anchor"", ""parameters"": {""approximate_planner"": false, ""baseline_anchor"": 0, ""defender_action_count"": 3, ""defender_domain_x_max"": 7.5, ""defender_domain_x_min"": 5.0, ""defender_grid_policy"": ""canonical_three"", ""heading_spacing_deg"": 5.0, ""initial_defender_action_id"": 0, ""multi_start"": false, ""r_neighbor"": 1, ""reinforcement_learning"": false, ""spatial_resolution_m"": 25.0, ""switching_contour_sample_count"": 12, ""switching_radial_sample_count"": 8, ""terrain_category"": ""centered_cube""}, ""process_semantics"": ""fresh cold process per repetition"", ""sampling_interval_s"": 0.02, ""sweep_variable"": ""baseline_anchor"", ""timeout_s"": 300.0, ""worker_mode"": ""global_oracle""}"
14.3,global-oracle-spatial-100m-327244e884b8,3,3,"{""completed"": 3}",7.511610199999268,65593344.0,1.4049827579238952,0.912150500664634,1,True,"{""experiment_type"": ""stage14_2c_global_oracle_spatial"", ""memory_limit_bytes"": 4294967296, ""name"": ""global_oracle_spatial_100m"", ""parameters"": {""approximate_planner"": false, ""baseline_anchor"": 0, ""defender_action_count"": 3, ""defender_domain_x_max"": 7.5, ""defender_domain_x_min"": 5.0, ""defender_grid_policy"": ""canonical_three"", ""heading_spacing_deg"": 5.0, ""initial_defender_action_id"": 0, ""multi_start"": false, ""r_neighbor"": 1, ""reinforcement_learning"": false, ""spatial_resolution_m"": 100.0, ""switching_contour_sample_count"": 12, ""switching_radial_sample_count"": 8, ""terrain_category"": ""centered_cube""}, ""process_semantics"": ""fresh cold process per repetition"", ""sampling_interval_s"": 0.02, ""sweep_variable"": ""spatial_resolution_m"", ""timeout_s"": 300.0, ""worker_mode"": ""global_oracle""}"
14.3,global-oracle-spatial-10p0m-75bac87ec5fd,3,3,"{""completed"": 3}",25.35800400000153,2255548416.0,0.28817767289340535,0.1926998964176631,1,True,"{""experiment_type"": ""stage14_3_global_oracle_spatial"", ""memory_limit_bytes"": 4294967296, ""name"": ""global_oracle_spatial_10p0m"", ""parameters"": {""approximate_planner"": false, ""baseline_anchor"": 0, ""defender_action_count"": 3, ""defender_domain_x_max"": 7.5, ""defender_domain_x_min"": 5.0, ""defender_grid_policy"": ""canonical_three"", ""heading_spacing_deg"": 5.0, ""initial_defender_action_id"": 0, ""multi_start"": false, ""r_neighbor"": 1, ""reinforcement_learning"": false, ""spatial_resolution_m"": 10.0, ""switching_contour_sample_count"": 12, ""switching_radial_sample_count"": 8, ""terrain_category"": ""centered_cube""}, ""process_semantics"": ""fresh cold process per repetition"", ""sampling_interval_s"": 0.02, ""sweep_variable"": ""spatial_resolution_m"", ""timeout_s"": 600.0, ""worker_mode"": ""global_oracle""}"
14.3,global-oracle-spatial-11p11111111111111m-dce0fc8b6d5d,3,0,"{""worker_failure"": 3}",,,,,0,False,"{""experiment_type"": ""stage14_3_global_oracle_spatial"", ""memory_limit_bytes"": 4294967296, ""name"": ""global_oracle_spatial_11p11111111111111m"", ""parameters"": {""approximate_planner"": false, ""baseline_anchor"": 0, ""defender_action_count"": 3, ""defender_domain_x_max"": 7.5, ""defender_domain_x_min"": 5.0, ""defender_grid_policy"": ""canonical_three"", ""heading_spacing_deg"": 5.0, ""initial_defender_action_id"": 0, ""multi_start"": false, ""r_neighbor"": 1, ""reinforcement_learning"": false, ""spatial_resolution_m"": 11.11111111111111, ""switching_contour_sample_count"": 12, ""switching_radial_sample_count"": 8, ""terrain_category"": ""centered_cube""}, ""process_semantics"": ""fresh cold process per repetition"", ""sampling_interval_s"": 0.02, ""sweep_variable"": ""spatial_resolution_m"", ""timeout_s"": 600.0, ""worker_mode"": ""global_oracle""}"
14.3,global-oracle-spatial-12p5m-9ce2768d5aed,3,0,"{""worker_failure"": 3}",,,,,0,False,"{""experiment_type"": ""stage14_3_global_oracle_spatial"", ""memory_limit_bytes"": 4294967296, ""name"": ""global_oracle_spatial_12p5m"", ""parameters"": {""approximate_planner"": false, ""baseline_anchor"": 0, ""defender_action_count"": 3, ""defender_domain_x_max"": 7.5, ""defender_domain_x_min"": 5.0, ""defender_grid_policy"": ""canonical_three"", ""heading_spacing_deg"": 5.0, ""initial_defender_action_id"": 0, ""multi_start"": false, ""r_neighbor"": 1, ""reinforcement_learning"": false, ""spatial_resolution_m"": 12.5, ""switching_contour_sample_count"": 12, ""switching_radial_sample_count"": 8, ""terrain_category"": ""centered_cube""}, ""process_semantics"": ""fresh cold process per repetition"", ""sampling_interval_s"": 0.02, ""sweep_variable"": ""spatial_resolution_m"", ""timeout_s"": 600.0, ""worker_mode"": ""global_oracle""}"
14.3,global-oracle-spatial-14p285714285714286m-bcc11cb3c8b4,3,3,"{""completed"": 3}",12.7068763999996,804564992.0,0.30973128763458896,0.20684149654063252,1,True,"{""experiment_type"": ""stage14_3_global_oracle_spatial"", ""memory_limit_bytes"": 4294967296, ""name"": ""global_oracle_spatial_14p285714285714286m"", ""parameters"": {""approximate_planner"": false, ""baseline_anchor"": 0, ""defender_action_count"": 3, ""defender_domain_x_max"": 7.5, ""defender_domain_x_min"": 5.0, ""defender_grid_policy"": ""canonical_three"", ""heading_spacing_deg"": 5.0, ""initial_defender_action_id"": 0, ""multi_start"": false, ""r_neighbor"": 1, ""reinforcement_learning"": false, ""spatial_resolution_m"": 14.285714285714286, ""switching_contour_sample_count"": 12, ""switching_radial_sample_count"": 8, ""terrain_category"": ""centered_cube""}, ""process_semantics"": ""fresh cold process per repetition"", ""sampling_interval_s"": 0.02, ""sweep_variable"": ""spatial_resolution_m"", ""timeout_s"": 600.0, ""worker_mode"": ""global_oracle""}"
14.3,global-oracle-spatial-16p666666666666668m-95a5489b2272,3,3,"{""completed"": 3}",33.07661240000016,533753856.0,0.29812053407121986,0.20692958228904723,1,True,"{""experiment_type"": ""stage14_3_global_oracle_spatial"", ""memory_limit_bytes"": 4294967296, ""name"": ""global_oracle_spatial_16p666666666666668m"", ""parameters"": {""approximate_planner"": false, ""baseline_anchor"": 0, ""defender_action_count"": 3, ""defender_domain_x_max"": 7.5, ""defender_domain_x_min"": 5.0, ""defender_grid_policy"": ""canonical_three"", ""heading_spacing_deg"": 5.0, ""initial_defender_action_id"": 0, ""multi_start"": false, ""r_neighbor"": 1, ""reinforcement_learning"": false, ""spatial_resolution_m"": 16.666666666666668, ""switching_contour_sample_count"": 12, ""switching_radial_sample_count"": 8, ""terrain_category"": ""centered_cube""}, ""process_semantics"": ""fresh cold process per repetition"", ""sampling_interval_s"": 0.02, ""sweep_variable"": ""spatial_resolution_m"", ""timeout_s"": 600.0, ""worker_mode"": ""global_oracle""}"
14.3,global-oracle-spatial-20p0m-86da0d42eca2,3,3,"{""completed"": 3}",8.409786600001098,332144640.0,0.3130444517693126,0.20388511678312862,1,True,"{""experiment_type"": ""stage14_3_global_oracle_spatial"", ""memory_limit_bytes"": 4294967296, ""name"": ""global_oracle_spatial_20p0m"", ""parameters"": {""approximate_planner"": false, ""baseline_anchor"": 0, ""defender_action_count"": 3, ""defender_domain_x_max"": 7.5, ""defender_domain_x_min"": 5.0, ""defender_grid_policy"": ""canonical_three"", ""heading_spacing_deg"": 5.0, ""initial_defender_action_id"": 0, ""multi_start"": false, ""r_neighbor"": 1, ""reinforcement_learning"": false, ""spatial_resolution_m"": 20.0, ""switching_contour_sample_count"": 12, ""switching_radial_sample_count"": 8, ""terrain_category"": ""centered_cube""}, ""process_semantics"": ""fresh cold process per repetition"", ""sampling_interval_s"": 0.02, ""sweep_variable"": ""spatial_resolution_m"", ""timeout_s"": 600.0, ""worker_mode"": ""global_oracle""}"
14.3,global-oracle-spatial-33p333333333333336m-6b2ad78547d4,3,3,"{""completed"": 3}",7.898639600003662,113283072.0,0.33294611207062663,0.22880191376647036,1,True,"{""experiment_type"": ""stage14_3_global_oracle_spatial"", ""memory_limit_bytes"": 4294967296, ""name"": ""global_oracle_spatial_33p333333333333336m"", ""parameters"": {""approximate_planner"": false, ""baseline_anchor"": 0, ""defender_action_count"": 3, ""defender_domain_x_max"": 7.5, ""defender_domain_x_min"": 5.0, ""defender_grid_policy"": ""canonical_three"", ""heading_spacing_deg"": 5.0, ""initial_defender_action_id"": 0, ""multi_start"": false, ""r_neighbor"": 1, ""reinforcement_learning"": false, ""spatial_resolution_m"": 33.333333333333336, ""switching_contour_sample_count"": 12, ""switching_radial_sample_count"": 8, ""terrain_category"": ""centered_cube""}, ""process_semantics"": ""fresh cold process per repetition"", ""sampling_interval_s"": 0.02, ""sweep_variable"": ""spatial_resolution_m"", ""timeout_s"": 600.0, ""worker_mode"": ""global_oracle""}"
14.3,global-oracle-spatial-50m-9d6debde9b25,3,3,"{""completed"": 3}",28.436136700000134,76431360.0,1.340553884072545,0.8938345470153469,1,True,"{""experiment_type"": ""stage14_2c_global_oracle_spatial"", ""memory_limit_bytes"": 4294967296, ""name"": ""global_oracle_spatial_50m"", ""parameters"": {""approximate_planner"": false, ""baseline_anchor"": 0, ""defender_action_count"": 3, ""defender_domain_x_max"": 7.5, ""defender_domain_x_min"": 5.0, ""defender_grid_policy"": ""canonical_three"", ""heading_spacing_deg"": 5.0, ""initial_defender_action_id"": 0, ""multi_start"": false, ""r_neighbor"": 1, ""reinforcement_learning"": false, ""spatial_resolution_m"": 50.0, ""switching_contour_sample_count"": 12, ""switching_radial_sample_count"": 8, ""terrain_category"": ""centered_cube""}, ""process_semantics"": ""fresh cold process per repetition"", ""sampling_interval_s"": 0.02, ""sweep_variable"": ""spatial_resolution_m"", ""timeout_s"": 300.0, ""worker_mode"": ""global_oracle""}"
14.3,global-oracle-spatial-5p0m-ebb084baf4fb,3,0,"{""memory_limit"": 3}",,,,,0,False,"{""experiment_type"": ""stage14_3_global_oracle_spatial"", ""memory_limit_bytes"": 4294967296, ""name"": ""global_oracle_spatial_5p0m"", ""parameters"": {""approximate_planner"": false, ""baseline_anchor"": 0, ""defender_action_count"": 3, ""defender_domain_x_max"": 7.5, ""defender_domain_x_min"": 5.0, ""defender_grid_policy"": ""canonical_three"", ""heading_spacing_deg"": 5.0, ""initial_defender_action_id"": 0, ""multi_start"": false, ""r_neighbor"": 1, ""reinforcement_learning"": false, ""spatial_resolution_m"": 5.0, ""switching_contour_sample_count"": 12, ""switching_radial_sample_count"": 8, ""terrain_category"": ""centered_cube""}, ""process_semantics"": ""fresh cold process per repetition"", ""sampling_interval_s"": 0.02, ""sweep_variable"": ""spatial_resolution_m"", ""timeout_s"": 600.0, ""worker_mode"": ""global_oracle""}"
14.3,global-oracle-spatial-5p2631578947368425m-13c93aa73387,3,0,"{""memory_limit"": 3}",,,,,0,False,"{""experiment_type"": ""stage14_3_global_oracle_spatial"", ""memory_limit_bytes"": 4294967296, ""name"": ""global_oracle_spatial_5p2631578947368425m"", ""parameters"": {""approximate_planner"": false, ""baseline_anchor"": 0, ""defender_action_count"": 3, ""defender_domain_x_max"": 7.5, ""defender_domain_x_min"": 5.0, ""defender_grid_policy"": ""canonical_three"", ""heading_spacing_deg"": 5.0, ""initial_defender_action_id"": 0, ""multi_start"": false, ""r_neighbor"": 1, ""reinforcement_learning"": false, ""spatial_resolution_m"": 5.2631578947368425, ""switching_contour_sample_count"": 12, ""switching_radial_sample_count"": 8, ""terrain_category"": ""centered_cube""}, ""process_semantics"": ""fresh cold process per repetition"", ""sampling_interval_s"": 0.02, ""sweep_variable"": ""spatial_resolution_m"", ""timeout_s"": 600.0, ""worker_mode"": ""global_oracle""}"
14.3,global-oracle-spatial-5p555555555555555m-39bd27060655,3,0,"{""memory_limit"": 3}",,,,,0,False,"{""experiment_type"": ""stage14_3_global_oracle_spatial"", ""memory_limit_bytes"": 4294967296, ""name"": ""global_oracle_spatial_5p555555555555555m"", ""parameters"": {""approximate_planner"": false, ""baseline_anchor"": 0, ""defender_action_count"": 3, ""defender_domain_x_max"": 7.5, ""defender_domain_x_min"": 5.0, ""defender_grid_policy"": ""canonical_three"", ""heading_spacing_deg"": 5.0, ""initial_defender_action_id"": 0, ""multi_start"": false, ""r_neighbor"": 1, ""reinforcement_learning"": false, ""spatial_resolution_m"": 5.555555555555555, ""switching_contour_sample_count"": 12, ""switching_radial_sample_count"": 8, ""terrain_category"": ""centered_cube""}, ""process_semantics"": ""fresh cold process per repetition"", ""sampling_interval_s"": 0.02, ""sweep_variable"": ""spatial_resolution_m"", ""timeout_s"": 600.0, ""worker_mode"": ""global_oracle""}"
14.3,global-oracle-spatial-5p882352941176471m-f803b0224e1d,3,0,"{""memory_limit"": 3}",,,,,0,False,"{""experiment_type"": ""stage14_3_global_oracle_spatial"", ""memory_limit_bytes"": 4294967296, ""name"": ""global_oracle_spatial_5p882352941176471m"", ""parameters"": {""approximate_planner"": false, ""baseline_anchor"": 0, ""defender_action_count"": 3, ""defender_domain_x_max"": 7.5, ""defender_domain_x_min"": 5.0, ""defender_grid_policy"": ""canonical_three"", ""heading_spacing_deg"": 5.0, ""initial_defender_action_id"": 0, ""multi_start"": false, ""r_neighbor"": 1, ""reinforcement_learning"": false, ""spatial_resolution_m"": 5.882352941176471, ""switching_contour_sample_count"": 12, ""switching_radial_sample_count"": 8, ""terrain_category"": ""centered_cube""}, ""process_semantics"": ""fresh cold process per repetition"", ""sampling_interval_s"": 0.02, ""sweep_variable"": ""spatial_resolution_m"", ""timeout_s"": 600.0, ""worker_mode"": ""global_oracle""}"
14.3,global-oracle-spatial-6p25m-361093623a41,3,0,"{""memory_limit"": 3}",,,,,0,False,"{""experiment_type"": ""stage14_3_global_oracle_spatial"", ""memory_limit_bytes"": 4294967296, ""name"": ""global_oracle_spatial_6p25m"", ""parameters"": {""approximate_planner"": false, ""baseline_anchor"": 0, ""defender_action_count"": 3, ""defender_domain_x_max"": 7.5, ""defender_domain_x_min"": 5.0, ""defender_grid_policy"": ""canonical_three"", ""heading_spacing_deg"": 5.0, ""initial_defender_action_id"": 0, ""multi_start"": false, ""r_neighbor"": 1, ""reinforcement_learning"": false, ""spatial_resolution_m"": 6.25, ""switching_contour_sample_count"": 12, ""switching_radial_sample_count"": 8, ""terrain_category"": ""centered_cube""}, ""process_semantics"": ""fresh cold process per repetition"", ""sampling_interval_s"": 0.02, ""sweep_variable"": ""spatial_resolution_m"", ""timeout_s"": 600.0, ""worker_mode"": ""global_oracle""}"
14.3,global-oracle-spatial-6p666666666666667m-4c3eb063ac0c,3,0,"{""memory_limit"": 3}",,,,,0,False,"{""experiment_type"": ""stage14_3_global_oracle_spatial"", ""memory_limit_bytes"": 4294967296, ""name"": ""global_oracle_spatial_6p666666666666667m"", ""parameters"": {""approximate_planner"": false, ""baseline_anchor"": 0, ""defender_action_count"": 3, ""defender_domain_x_max"": 7.5, ""defender_domain_x_min"": 5.0, ""defender_grid_policy"": ""canonical_three"", ""heading_spacing_deg"": 5.0, ""initial_defender_action_id"": 0, ""multi_start"": false, ""r_neighbor"": 1, ""reinforcement_learning"": false, ""spatial_resolution_m"": 6.666666666666667, ""switching_contour_sample_count"": 12, ""switching_radial_sample_count"": 8, ""terrain_category"": ""centered_cube""}, ""process_semantics"": ""fresh cold process per repetition"", ""sampling_interval_s"": 0.02, ""sweep_variable"": ""spatial_resolution_m"", ""timeout_s"": 600.0, ""worker_mode"": ""global_oracle""}"
14.3,global-oracle-spatial-7p142857142857143m-68b29f553101,3,0,"{""memory_limit"": 3}",,,,,0,False,"{""experiment_type"": ""stage14_3_global_oracle_spatial"", ""memory_limit_bytes"": 4294967296, ""name"": ""global_oracle_spatial_7p142857142857143m"", ""parameters"": {""approximate_planner"": false, ""baseline_anchor"": 0, ""defender_action_count"": 3, ""defender_domain_x_max"": 7.5, ""defender_domain_x_min"": 5.0, ""defender_grid_policy"": ""canonical_three"", ""heading_spacing_deg"": 5.0, ""initial_defender_action_id"": 0, ""multi_start"": false, ""r_neighbor"": 1, ""reinforcement_learning"": false, ""spatial_resolution_m"": 7.142857142857143, ""switching_contour_sample_count"": 12, ""switching_radial_sample_count"": 8, ""terrain_category"": ""centered_cube""}, ""process_semantics"": ""fresh cold process per repetition"", ""sampling_interval_s"": 0.02, ""sweep_variable"": ""spatial_resolution_m"", ""timeout_s"": 600.0, ""worker_mode"": ""global_oracle""}"
14.3,global-oracle-spatial-7p6923076923076925m-0a777b90a886,3,0,"{""memory_limit"": 3}",,,,,0,False,"{""experiment_type"": ""stage14_3_global_oracle_spatial"", ""memory_limit_bytes"": 4294967296, ""name"": ""global_oracle_spatial_7p6923076923076925m"", ""parameters"": {""approximate_planner"": false, ""baseline_anchor"": 0, ""defender_action_count"": 3, ""defender_domain_x_max"": 7.5, ""defender_domain_x_min"": 5.0, ""defender_grid_policy"": ""canonical_three"", ""heading_spacing_deg"": 5.0, ""initial_defender_action_id"": 0, ""multi_start"": false, ""r_neighbor"": 1, ""reinforcement_learning"": false, ""spatial_resolution_m"": 7.6923076923076925, ""switching_contour_sample_count"": 12, ""switching_radial_sample_count"": 8, ""terrain_category"": ""centered_cube""}, ""process_semantics"": ""fresh cold process per repetition"", ""sampling_interval_s"": 0.02, ""sweep_variable"": ""spatial_resolution_m"", ""timeout_s"": 600.0, ""worker_mode"": ""global_oracle""}"
14.3,global-oracle-spatial-8p333333333333334m-09ada69590d6,3,3,"{""completed"": 3}",36.98197889999574,3822510080.0,0.28477897596533963,0.1875871969971805,1,True,"{""experiment_type"": ""stage14_3_global_oracle_spatial"", ""memory_limit_bytes"": 4294967296, ""name"": ""global_oracle_spatial_8p333333333333334m"", ""parameters"": {""approximate_planner"": false, ""baseline_anchor"": 0, ""defender_action_count"": 3, ""defender_domain_x_max"": 7.5, ""defender_domain_x_min"": 5.0, ""defender_grid_policy"": ""canonical_three"", ""heading_spacing_deg"": 5.0, ""initial_defender_action_id"": 0, ""multi_start"": false, ""r_neighbor"": 1, ""reinforcement_learning"": false, ""spatial_resolution_m"": 8.333333333333334, ""switching_contour_sample_count"": 12, ""switching_radial_sample_count"": 8, ""terrain_category"": ""centered_cube""}, ""process_semantics"": ""fresh cold process per repetition"", ""sampling_interval_s"": 0.02, ""sweep_variable"": ""spatial_resolution_m"", ""timeout_s"": 600.0, ""worker_mode"": ""global_oracle""}"
14.3,global-oracle-spatial-9p090909090909092m-fbc049fb8493,3,0,"{""worker_failure"": 3}",,,,,0,False,"{""experiment_type"": ""stage14_3_global_oracle_spatial"", ""memory_limit_bytes"": 4294967296, ""name"": ""global_oracle_spatial_9p090909090909092m"", ""parameters"": {""approximate_planner"": false, ""baseline_anchor"": 0, ""defender_action_count"": 3, ""defender_domain_x_max"": 7.5, ""defender_domain_x_min"": 5.0, ""defender_grid_policy"": ""canonical_three"", ""heading_spacing_deg"": 5.0, ""initial_defender_action_id"": 0, ""multi_start"": false, ""r_neighbor"": 1, ""reinforcement_learning"": false, ""spatial_resolution_m"": 9.090909090909092, ""switching_contour_sample_count"": 12, ""switching_radial_sample_count"": 8, ""terrain_category"": ""centered_cube""}, ""process_semantics"": ""fresh cold process per repetition"", ""sampling_interval_s"": 0.02, ""sweep_variable"": ""spatial_resolution_m"", ""timeout_s"": 600.0, ""worker_mode"": ""global_oracle""}"
14.3,local-sse-canonical-anchor-4f8cae874bcf,3,3,"{""completed"": 3}",58.59568979999858,207331328.0,0.944086144839464,0.7814861193516704,1,True,"{""experiment_type"": ""stage14_2c_local_sse_baseline"", ""memory_limit_bytes"": 4294967296, ""name"": ""local_sse_canonical_anchor"", ""parameters"": {""approximate_planner"": false, ""baseline_anchor"": 0, ""defender_action_count"": 3, ""defender_domain_x_max"": 7.5, ""defender_domain_x_min"": 5.0, ""defender_grid_policy"": ""canonical_three"", ""heading_spacing_deg"": 5.0, ""initial_defender_action_id"": 0, ""multi_start"": false, ""r_neighbor"": 1, ""reinforcement_learning"": false, ""spatial_resolution_m"": 25.0, ""switching_contour_sample_count"": 12, ""switching_radial_sample_count"": 8, ""terrain_category"": ""centered_cube""}, ""process_semantics"": ""fresh cold process per repetition"", ""sampling_interval_s"": 0.02, ""sweep_variable"": ""baseline_anchor"", ""timeout_s"": 300.0, ""worker_mode"": ""local_sse""}"
14.3,local-sse-spatial-100m-48fa3d04001e,3,3,"{""completed"": 3}",7.857608700000128,66641920.0,1.4049827579238952,0.912150500664634,1,True,"{""experiment_type"": ""stage14_2c_local_sse_spatial"", ""memory_limit_bytes"": 4294967296, ""name"": ""local_sse_spatial_100m"", ""parameters"": {""approximate_planner"": false, ""baseline_anchor"": 0, ""defender_action_count"": 3, ""defender_domain_x_max"": 7.5, ""defender_domain_x_min"": 5.0, ""defender_grid_policy"": ""canonical_three"", ""heading_spacing_deg"": 5.0, ""initial_defender_action_id"": 0, ""multi_start"": false, ""r_neighbor"": 1, ""reinforcement_learning"": false, ""spatial_resolution_m"": 100.0, ""switching_contour_sample_count"": 12, ""switching_radial_sample_count"": 8, ""terrain_category"": ""centered_cube""}, ""process_semantics"": ""fresh cold process per repetition"", ""sampling_interval_s"": 0.02, ""sweep_variable"": ""spatial_resolution_m"", ""timeout_s"": 300.0, ""worker_mode"": ""local_sse""}"
14.3,local-sse-spatial-10p0m-fb8c66951b54,3,0,"{""initial_defender_infeasible"": 3}",,,,,0,False,"{""experiment_type"": ""stage14_3_local_sse_spatial"", ""memory_limit_bytes"": 4294967296, ""name"": ""local_sse_spatial_10p0m"", ""parameters"": {""approximate_planner"": false, ""baseline_anchor"": 0, ""defender_action_count"": 3, ""defender_domain_x_max"": 7.5, ""defender_domain_x_min"": 5.0, ""defender_grid_policy"": ""canonical_three"", ""heading_spacing_deg"": 5.0, ""initial_defender_action_id"": 0, ""multi_start"": false, ""r_neighbor"": 1, ""reinforcement_learning"": false, ""spatial_resolution_m"": 10.0, ""switching_contour_sample_count"": 12, ""switching_radial_sample_count"": 8, ""terrain_category"": ""centered_cube""}, ""process_semantics"": ""fresh cold process per repetition"", ""sampling_interval_s"": 0.02, ""sweep_variable"": ""spatial_resolution_m"", ""timeout_s"": 600.0, ""worker_mode"": ""local_sse""}"
14.3,local-sse-spatial-11p11111111111111m-5a76a9e3f04c,3,0,"{""initial_defender_infeasible"": 3}",,,,,0,False,"{""experiment_type"": ""stage14_3_local_sse_spatial"", ""memory_limit_bytes"": 4294967296, ""name"": ""local_sse_spatial_11p11111111111111m"", ""parameters"": {""approximate_planner"": false, ""baseline_anchor"": 0, ""defender_action_count"": 3, ""defender_domain_x_max"": 7.5, ""defender_domain_x_min"": 5.0, ""defender_grid_policy"": ""canonical_three"", ""heading_spacing_deg"": 5.0, ""initial_defender_action_id"": 0, ""multi_start"": false, ""r_neighbor"": 1, ""reinforcement_learning"": false, ""spatial_resolution_m"": 11.11111111111111, ""switching_contour_sample_count"": 12, ""switching_radial_sample_count"": 8, ""terrain_category"": ""centered_cube""}, ""process_semantics"": ""fresh cold process per repetition"", ""sampling_interval_s"": 0.02, ""sweep_variable"": ""spatial_resolution_m"", ""timeout_s"": 600.0, ""worker_mode"": ""local_sse""}"
14.3,local-sse-spatial-12p5m-aac68d27c7a2,3,0,"{""initial_defender_infeasible"": 3}",,,,,0,False,"{""experiment_type"": ""stage14_3_local_sse_spatial"", ""memory_limit_bytes"": 4294967296, ""name"": ""local_sse_spatial_12p5m"", ""parameters"": {""approximate_planner"": false, ""baseline_anchor"": 0, ""defender_action_count"": 3, ""defender_domain_x_max"": 7.5, ""defender_domain_x_min"": 5.0, ""defender_grid_policy"": ""canonical_three"", ""heading_spacing_deg"": 5.0, ""initial_defender_action_id"": 0, ""multi_start"": false, ""r_neighbor"": 1, ""reinforcement_learning"": false, ""spatial_resolution_m"": 12.5, ""switching_contour_sample_count"": 12, ""switching_radial_sample_count"": 8, ""terrain_category"": ""centered_cube""}, ""process_semantics"": ""fresh cold process per repetition"", ""sampling_interval_s"": 0.02, ""sweep_variable"": ""spatial_resolution_m"", ""timeout_s"": 600.0, ""worker_mode"": ""local_sse""}"
14.3,local-sse-spatial-14p285714285714286m-154ca6898472,3,0,"{""initial_defender_infeasible"": 3}",,,,,0,False,"{""experiment_type"": ""stage14_3_local_sse_spatial"", ""memory_limit_bytes"": 4294967296, ""name"": ""local_sse_spatial_14p285714285714286m"", ""parameters"": {""approximate_planner"": false, ""baseline_anchor"": 0, ""defender_action_count"": 3, ""defender_domain_x_max"": 7.5, ""defender_domain_x_min"": 5.0, ""defender_grid_policy"": ""canonical_three"", ""heading_spacing_deg"": 5.0, ""initial_defender_action_id"": 0, ""multi_start"": false, ""r_neighbor"": 1, ""reinforcement_learning"": false, ""spatial_resolution_m"": 14.285714285714286, ""switching_contour_sample_count"": 12, ""switching_radial_sample_count"": 8, ""terrain_category"": ""centered_cube""}, ""process_semantics"": ""fresh cold process per repetition"", ""sampling_interval_s"": 0.02, ""sweep_variable"": ""spatial_resolution_m"", ""timeout_s"": 600.0, ""worker_mode"": ""local_sse""}"
14.3,local-sse-spatial-16p666666666666668m-c3135d631daf,3,0,"{""initial_defender_infeasible"": 3}",,,,,0,False,"{""experiment_type"": ""stage14_3_local_sse_spatial"", ""memory_limit_bytes"": 4294967296, ""name"": ""local_sse_spatial_16p666666666666668m"", ""parameters"": {""approximate_planner"": false, ""baseline_anchor"": 0, ""defender_action_count"": 3, ""defender_domain_x_max"": 7.5, ""defender_domain_x_min"": 5.0, ""defender_grid_policy"": ""canonical_three"", ""heading_spacing_deg"": 5.0, ""initial_defender_action_id"": 0, ""multi_start"": false, ""r_neighbor"": 1, ""reinforcement_learning"": false, ""spatial_resolution_m"": 16.666666666666668, ""switching_contour_sample_count"": 12, ""switching_radial_sample_count"": 8, ""terrain_category"": ""centered_cube""}, ""process_semantics"": ""fresh cold process per repetition"", ""sampling_interval_s"": 0.02, ""sweep_variable"": ""spatial_resolution_m"", ""timeout_s"": 600.0, ""worker_mode"": ""local_sse""}"
14.3,local-sse-spatial-20p0m-d38252da4260,3,0,"{""initial_defender_infeasible"": 3}",,,,,0,False,"{""experiment_type"": ""stage14_3_local_sse_spatial"", ""memory_limit_bytes"": 4294967296, ""name"": ""local_sse_spatial_20p0m"", ""parameters"": {""approximate_planner"": false, ""baseline_anchor"": 0, ""defender_action_count"": 3, ""defender_domain_x_max"": 7.5, ""defender_domain_x_min"": 5.0, ""defender_grid_policy"": ""canonical_three"", ""heading_spacing_deg"": 5.0, ""initial_defender_action_id"": 0, ""multi_start"": false, ""r_neighbor"": 1, ""reinforcement_learning"": false, ""spatial_resolution_m"": 20.0, ""switching_contour_sample_count"": 12, ""switching_radial_sample_count"": 8, ""terrain_category"": ""centered_cube""}, ""process_semantics"": ""fresh cold process per repetition"", ""sampling_interval_s"": 0.02, ""sweep_variable"": ""spatial_resolution_m"", ""timeout_s"": 600.0, ""worker_mode"": ""local_sse""}"
14.3,local-sse-spatial-33p333333333333336m-16e8ef6c6cae,3,3,"{""completed"": 3}",7.888905800005887,113500160.0,0.33294611207062663,0.22880191376647036,1,True,"{""experiment_type"": ""stage14_3_local_sse_spatial"", ""memory_limit_bytes"": 4294967296, ""name"": ""local_sse_spatial_33p333333333333336m"", ""parameters"": {""approximate_planner"": false, ""baseline_anchor"": 0, ""defender_action_count"": 3, ""defender_domain_x_max"": 7.5, ""defender_domain_x_min"": 5.0, ""defender_grid_policy"": ""canonical_three"", ""heading_spacing_deg"": 5.0, ""initial_defender_action_id"": 0, ""multi_start"": false, ""r_neighbor"": 1, ""reinforcement_learning"": false, ""spatial_resolution_m"": 33.333333333333336, ""switching_contour_sample_count"": 12, ""switching_radial_sample_count"": 8, ""terrain_category"": ""centered_cube""}, ""process_semantics"": ""fresh cold process per repetition"", ""sampling_interval_s"": 0.02, ""sweep_variable"": ""spatial_resolution_m"", ""timeout_s"": 600.0, ""worker_mode"": ""local_sse""}"
14.3,local-sse-spatial-50m-018909d9134d,3,3,"{""completed"": 3}",29.869508699999642,76288000.0,1.340553884072545,0.8938345470153469,1,True,"{""experiment_type"": ""stage14_2c_local_sse_spatial"", ""memory_limit_bytes"": 4294967296, ""name"": ""local_sse_spatial_50m"", ""parameters"": {""approximate_planner"": false, ""baseline_anchor"": 0, ""defender_action_count"": 3, ""defender_domain_x_max"": 7.5, ""defender_domain_x_min"": 5.0, ""defender_grid_policy"": ""canonical_three"", ""heading_spacing_deg"": 5.0, ""initial_defender_action_id"": 0, ""multi_start"": false, ""r_neighbor"": 1, ""reinforcement_learning"": false, ""spatial_resolution_m"": 50.0, ""switching_contour_sample_count"": 12, ""switching_radial_sample_count"": 8, ""terrain_category"": ""centered_cube""}, ""process_semantics"": ""fresh cold process per repetition"", ""sampling_interval_s"": 0.02, ""sweep_variable"": ""spatial_resolution_m"", ""timeout_s"": 300.0, ""worker_mode"": ""local_sse""}"
14.3,local-sse-spatial-5p0m-d8d7dda97b7c,3,0,"{""memory_limit"": 3}",,,,,0,False,"{""experiment_type"": ""stage14_3_local_sse_spatial"", ""memory_limit_bytes"": 4294967296, ""name"": ""local_sse_spatial_5p0m"", ""parameters"": {""approximate_planner"": false, ""baseline_anchor"": 0, ""defender_action_count"": 3, ""defender_domain_x_max"": 7.5, ""defender_domain_x_min"": 5.0, ""defender_grid_policy"": ""canonical_three"", ""heading_spacing_deg"": 5.0, ""initial_defender_action_id"": 0, ""multi_start"": false, ""r_neighbor"": 1, ""reinforcement_learning"": false, ""spatial_resolution_m"": 5.0, ""switching_contour_sample_count"": 12, ""switching_radial_sample_count"": 8, ""terrain_category"": ""centered_cube""}, ""process_semantics"": ""fresh cold process per repetition"", ""sampling_interval_s"": 0.02, ""sweep_variable"": ""spatial_resolution_m"", ""timeout_s"": 600.0, ""worker_mode"": ""local_sse""}"
14.3,local-sse-spatial-5p2631578947368425m-d3bc16c3538f,3,0,"{""memory_limit"": 3}",,,,,0,False,"{""experiment_type"": ""stage14_3_local_sse_spatial"", ""memory_limit_bytes"": 4294967296, ""name"": ""local_sse_spatial_5p2631578947368425m"", ""parameters"": {""approximate_planner"": false, ""baseline_anchor"": 0, ""defender_action_count"": 3, ""defender_domain_x_max"": 7.5, ""defender_domain_x_min"": 5.0, ""defender_grid_policy"": ""canonical_three"", ""heading_spacing_deg"": 5.0, ""initial_defender_action_id"": 0, ""multi_start"": false, ""r_neighbor"": 1, ""reinforcement_learning"": false, ""spatial_resolution_m"": 5.2631578947368425, ""switching_contour_sample_count"": 12, ""switching_radial_sample_count"": 8, ""terrain_category"": ""centered_cube""}, ""process_semantics"": ""fresh cold process per repetition"", ""sampling_interval_s"": 0.02, ""sweep_variable"": ""spatial_resolution_m"", ""timeout_s"": 600.0, ""worker_mode"": ""local_sse""}"
14.3,local-sse-spatial-5p555555555555555m-7b9315bdea39,3,0,"{""memory_limit"": 3}",,,,,0,False,"{""experiment_type"": ""stage14_3_local_sse_spatial"", ""memory_limit_bytes"": 4294967296, ""name"": ""local_sse_spatial_5p555555555555555m"", ""parameters"": {""approximate_planner"": false, ""baseline_anchor"": 0, ""defender_action_count"": 3, ""defender_domain_x_max"": 7.5, ""defender_domain_x_min"": 5.0, ""defender_grid_policy"": ""canonical_three"", ""heading_spacing_deg"": 5.0, ""initial_defender_action_id"": 0, ""multi_start"": false, ""r_neighbor"": 1, ""reinforcement_learning"": false, ""spatial_resolution_m"": 5.555555555555555, ""switching_contour_sample_count"": 12, ""switching_radial_sample_count"": 8, ""terrain_category"": ""centered_cube""}, ""process_semantics"": ""fresh cold process per repetition"", ""sampling_interval_s"": 0.02, ""sweep_variable"": ""spatial_resolution_m"", ""timeout_s"": 600.0, ""worker_mode"": ""local_sse""}"
14.3,local-sse-spatial-5p882352941176471m-0764680b76a5,3,0,"{""memory_limit"": 3}",,,,,0,False,"{""experiment_type"": ""stage14_3_local_sse_spatial"", ""memory_limit_bytes"": 4294967296, ""name"": ""local_sse_spatial_5p882352941176471m"", ""parameters"": {""approximate_planner"": false, ""baseline_anchor"": 0, ""defender_action_count"": 3, ""defender_domain_x_max"": 7.5, ""defender_domain_x_min"": 5.0, ""defender_grid_policy"": ""canonical_three"", ""heading_spacing_deg"": 5.0, ""initial_defender_action_id"": 0, ""multi_start"": false, ""r_neighbor"": 1, ""reinforcement_learning"": false, ""spatial_resolution_m"": 5.882352941176471, ""switching_contour_sample_count"": 12, ""switching_radial_sample_count"": 8, ""terrain_category"": ""centered_cube""}, ""process_semantics"": ""fresh cold process per repetition"", ""sampling_interval_s"": 0.02, ""sweep_variable"": ""spatial_resolution_m"", ""timeout_s"": 600.0, ""worker_mode"": ""local_sse""}"
14.3,local-sse-spatial-6p25m-43397c962364,3,0,"{""memory_limit"": 3}",,,,,0,False,"{""experiment_type"": ""stage14_3_local_sse_spatial"", ""memory_limit_bytes"": 4294967296, ""name"": ""local_sse_spatial_6p25m"", ""parameters"": {""approximate_planner"": false, ""baseline_anchor"": 0, ""defender_action_count"": 3, ""defender_domain_x_max"": 7.5, ""defender_domain_x_min"": 5.0, ""defender_grid_policy"": ""canonical_three"", ""heading_spacing_deg"": 5.0, ""initial_defender_action_id"": 0, ""multi_start"": false, ""r_neighbor"": 1, ""reinforcement_learning"": false, ""spatial_resolution_m"": 6.25, ""switching_contour_sample_count"": 12, ""switching_radial_sample_count"": 8, ""terrain_category"": ""centered_cube""}, ""process_semantics"": ""fresh cold process per repetition"", ""sampling_interval_s"": 0.02, ""sweep_variable"": ""spatial_resolution_m"", ""timeout_s"": 600.0, ""worker_mode"": ""local_sse""}"
14.3,local-sse-spatial-6p666666666666667m-92c6c4cba6f4,3,0,"{""memory_limit"": 3}",,,,,0,False,"{""experiment_type"": ""stage14_3_local_sse_spatial"", ""memory_limit_bytes"": 4294967296, ""name"": ""local_sse_spatial_6p666666666666667m"", ""parameters"": {""approximate_planner"": false, ""baseline_anchor"": 0, ""defender_action_count"": 3, ""defender_domain_x_max"": 7.5, ""defender_domain_x_min"": 5.0, ""defender_grid_policy"": ""canonical_three"", ""heading_spacing_deg"": 5.0, ""initial_defender_action_id"": 0, ""multi_start"": false, ""r_neighbor"": 1, ""reinforcement_learning"": false, ""spatial_resolution_m"": 6.666666666666667, ""switching_contour_sample_count"": 12, ""switching_radial_sample_count"": 8, ""terrain_category"": ""centered_cube""}, ""process_semantics"": ""fresh cold process per repetition"", ""sampling_interval_s"": 0.02, ""sweep_variable"": ""spatial_resolution_m"", ""timeout_s"": 600.0, ""worker_mode"": ""local_sse""}"
14.3,local-sse-spatial-7p142857142857143m-145be3df7c7e,3,0,"{""memory_limit"": 3}",,,,,0,False,"{""experiment_type"": ""stage14_3_local_sse_spatial"", ""memory_limit_bytes"": 4294967296, ""name"": ""local_sse_spatial_7p142857142857143m"", ""parameters"": {""approximate_planner"": false, ""baseline_anchor"": 0, ""defender_action_count"": 3, ""defender_domain_x_max"": 7.5, ""defender_domain_x_min"": 5.0, ""defender_grid_policy"": ""canonical_three"", ""heading_spacing_deg"": 5.0, ""initial_defender_action_id"": 0, ""multi_start"": false, ""r_neighbor"": 1, ""reinforcement_learning"": false, ""spatial_resolution_m"": 7.142857142857143, ""switching_contour_sample_count"": 12, ""switching_radial_sample_count"": 8, ""terrain_category"": ""centered_cube""}, ""process_semantics"": ""fresh cold process per repetition"", ""sampling_interval_s"": 0.02, ""sweep_variable"": ""spatial_resolution_m"", ""timeout_s"": 600.0, ""worker_mode"": ""local_sse""}"
14.3,local-sse-spatial-7p6923076923076925m-f4c2575d1828,3,0,"{""memory_limit"": 3}",,,,,0,False,"{""experiment_type"": ""stage14_3_local_sse_spatial"", ""memory_limit_bytes"": 4294967296, ""name"": ""local_sse_spatial_7p6923076923076925m"", ""parameters"": {""approximate_planner"": false, ""baseline_anchor"": 0, ""defender_action_count"": 3, ""defender_domain_x_max"": 7.5, ""defender_domain_x_min"": 5.0, ""defender_grid_policy"": ""canonical_three"", ""heading_spacing_deg"": 5.0, ""initial_defender_action_id"": 0, ""multi_start"": false, ""r_neighbor"": 1, ""reinforcement_learning"": false, ""spatial_resolution_m"": 7.6923076923076925, ""switching_contour_sample_count"": 12, ""switching_radial_sample_count"": 8, ""terrain_category"": ""centered_cube""}, ""process_semantics"": ""fresh cold process per repetition"", ""sampling_interval_s"": 0.02, ""sweep_variable"": ""spatial_resolution_m"", ""timeout_s"": 600.0, ""worker_mode"": ""local_sse""}"
14.3,local-sse-spatial-8p333333333333334m-5e916b40a6c7,3,0,"{""initial_defender_infeasible"": 3}",,,,,0,False,"{""experiment_type"": ""stage14_3_local_sse_spatial"", ""memory_limit_bytes"": 4294967296, ""name"": ""local_sse_spatial_8p333333333333334m"", ""parameters"": {""approximate_planner"": false, ""baseline_anchor"": 0, ""defender_action_count"": 3, ""defender_domain_x_max"": 7.5, ""defender_domain_x_min"": 5.0, ""defender_grid_policy"": ""canonical_three"", ""heading_spacing_deg"": 5.0, ""initial_defender_action_id"": 0, ""multi_start"": false, ""r_neighbor"": 1, ""reinforcement_learning"": false, ""spatial_resolution_m"": 8.333333333333334, ""switching_contour_sample_count"": 12, ""switching_radial_sample_count"": 8, ""terrain_category"": ""centered_cube""}, ""process_semantics"": ""fresh cold process per repetition"", ""sampling_interval_s"": 0.02, ""sweep_variable"": ""spatial_resolution_m"", ""timeout_s"": 600.0, ""worker_mode"": ""local_sse""}"
14.3,local-sse-spatial-9p090909090909092m-fea350dac1d3,3,0,"{""initial_defender_infeasible"": 2, ""timeout"": 1}",,,,,0,False,"{""experiment_type"": ""stage14_3_local_sse_spatial"", ""memory_limit_bytes"": 4294967296, ""name"": ""local_sse_spatial_9p090909090909092m"", ""parameters"": {""approximate_planner"": false, ""baseline_anchor"": 0, ""defender_action_count"": 3, ""defender_domain_x_max"": 7.5, ""defender_domain_x_min"": 5.0, ""defender_grid_policy"": ""canonical_three"", ""heading_spacing_deg"": 5.0, ""initial_defender_action_id"": 0, ""multi_start"": false, ""r_neighbor"": 1, ""reinforcement_learning"": false, ""spatial_resolution_m"": 9.090909090909092, ""switching_contour_sample_count"": 12, ""switching_radial_sample_count"": 8, ""terrain_category"": ""centered_cube""}, ""process_semantics"": ""fresh cold process per repetition"", ""sampling_interval_s"": 0.02, ""sweep_variable"": ""spatial_resolution_m"", ""timeout_s"": 600.0, ""worker_mode"": ""local_sse""}"
14.4,global-oracle-canonical-anchor-1e73ac12d4de,3,3,"{""completed"": 3}",58.409136999998736,205864960.0,0.944086144839464,0.7814861193516704,1,True,"{""experiment_type"": ""stage14_2c_global_oracle_baseline"", ""memory_limit_bytes"": 4294967296, ""name"": ""global_oracle_canonical_anchor"", ""parameters"": {""approximate_planner"": false, ""baseline_anchor"": 0, ""defender_action_count"": 3, ""defender_domain_x_max"": 7.5, ""defender_domain_x_min"": 5.0, ""defender_grid_policy"": ""canonical_three"", ""heading_spacing_deg"": 5.0, ""initial_defender_action_id"": 0, ""multi_start"": false, ""r_neighbor"": 1, ""reinforcement_learning"": false, ""spatial_resolution_m"": 25.0, ""switching_contour_sample_count"": 12, ""switching_radial_sample_count"": 8, ""terrain_category"": ""centered_cube""}, ""process_semantics"": ""fresh cold process per repetition"", ""sampling_interval_s"": 0.02, ""sweep_variable"": ""baseline_anchor"", ""timeout_s"": 300.0, ""worker_mode"": ""global_oracle""}"
14.4,global-oracle-heading-10deg-918229a54b84,3,3,"{""completed"": 3}",11.047308399998656,127594496.0,0.952687238683972,0.7843318987084812,1,True,"{""experiment_type"": ""stage14_2c_global_oracle_heading"", ""memory_limit_bytes"": 4294967296, ""name"": ""global_oracle_heading_10deg"", ""parameters"": {""approximate_planner"": false, ""baseline_anchor"": 0, ""defender_action_count"": 3, ""defender_domain_x_max"": 7.5, ""defender_domain_x_min"": 5.0, ""defender_grid_policy"": ""canonical_three"", ""heading_spacing_deg"": 10.0, ""initial_defender_action_id"": 0, ""multi_start"": false, ""r_neighbor"": 1, ""reinforcement_learning"": false, ""spatial_resolution_m"": 25.0, ""switching_contour_sample_count"": 12, ""switching_radial_sample_count"": 8, ""terrain_category"": ""centered_cube""}, ""process_semantics"": ""fresh cold process per repetition"", ""sampling_interval_s"": 0.02, ""sweep_variable"": ""heading_spacing_deg"", ""timeout_s"": 300.0, ""worker_mode"": ""global_oracle""}"
14.4,global-oracle-heading-12p0deg-cb132e6b1697,3,3,"{""completed"": 3}",12.106815699997242,115482624.0,0.9700079872321095,0.7904758555250633,1,True,"{""experiment_type"": ""stage14_4_global_oracle_heading"", ""memory_limit_bytes"": 4294967296, ""name"": ""global_oracle_heading_12p0deg"", ""parameters"": {""approximate_planner"": false, ""baseline_anchor"": 0, ""defender_action_count"": 3, ""defender_domain_x_max"": 7.5, ""defender_domain_x_min"": 5.0, ""defender_grid_policy"": ""canonical_three"", ""heading_spacing_deg"": 12.0, ""initial_defender_action_id"": 0, ""multi_start"": false, ""r_neighbor"": 1, ""reinforcement_learning"": false, ""spatial_resolution_m"": 25.0, ""switching_contour_sample_count"": 12, ""switching_radial_sample_count"": 8, ""terrain_category"": ""centered_cube""}, ""process_semantics"": ""fresh cold process per repetition"", ""sampling_interval_s"": 0.02, ""sweep_variable"": ""heading_spacing_deg"", ""timeout_s"": 900.0, ""worker_mode"": ""global_oracle""}"
14.4,global-oracle-heading-15deg-0f610710b342,3,3,"{""completed"": 3}",4.365279999999984,99504128.0,0.9697241814714522,0.7912859636040508,1,True,"{""experiment_type"": ""stage14_2c_global_oracle_heading"", ""memory_limit_bytes"": 4294967296, ""name"": ""global_oracle_heading_15deg"", ""parameters"": {""approximate_planner"": false, ""baseline_anchor"": 0, ""defender_action_count"": 3, ""defender_domain_x_max"": 7.5, ""defender_domain_x_min"": 5.0, ""defender_grid_policy"": ""canonical_three"", ""heading_spacing_deg"": 15.0, ""initial_defender_action_id"": 0, ""multi_start"": false, ""r_neighbor"": 1, ""reinforcement_learning"": false, ""spatial_resolution_m"": 25.0, ""switching_contour_sample_count"": 12, ""switching_radial_sample_count"": 8, ""terrain_category"": ""centered_cube""}, ""process_semantics"": ""fresh cold process per repetition"", ""sampling_interval_s"": 0.02, ""sweep_variable"": ""heading_spacing_deg"", ""timeout_s"": 300.0, ""worker_mode"": ""global_oracle""}"
14.4,global-oracle-heading-18p0deg-e8134422766e,3,3,"{""completed"": 3}",4.9070958999946015,91897856.0,0.980141906039847,0.7908454506030936,1,True,"{""experiment_type"": ""stage14_4_global_oracle_heading"", ""memory_limit_bytes"": 4294967296, ""name"": ""global_oracle_heading_18p0deg"", ""parameters"": {""approximate_planner"": false, ""baseline_anchor"": 0, ""defender_action_count"": 3, ""defender_domain_x_max"": 7.5, ""defender_domain_x_min"": 5.0, ""defender_grid_policy"": ""canonical_three"", ""heading_spacing_deg"": 18.0, ""initial_defender_action_id"": 0, ""multi_start"": false, ""r_neighbor"": 1, ""reinforcement_learning"": false, ""spatial_resolution_m"": 25.0, ""switching_contour_sample_count"": 12, ""switching_radial_sample_count"": 8, ""terrain_category"": ""centered_cube""}, ""process_semantics"": ""fresh cold process per repetition"", ""sampling_interval_s"": 0.02, ""sweep_variable"": ""heading_spacing_deg"", ""timeout_s"": 900.0, ""worker_mode"": ""global_oracle""}"
14.4,global-oracle-heading-1p0deg-2a46717b6bed,3,3,"{""completed"": 3}",517.4124341999996,815112192.0,0.8399127172681883,0.698982178926319,1,True,"{""experiment_type"": ""stage14_4_global_oracle_heading"", ""memory_limit_bytes"": 4294967296, ""name"": ""global_oracle_heading_1p0deg"", ""parameters"": {""approximate_planner"": false, ""baseline_anchor"": 0, ""defender_action_count"": 3, ""defender_domain_x_max"": 7.5, ""defender_domain_x_min"": 5.0, ""defender_grid_policy"": ""canonical_three"", ""heading_spacing_deg"": 1.0, ""initial_defender_action_id"": 0, ""multi_start"": false, ""r_neighbor"": 1, ""reinforcement_learning"": false, ""spatial_resolution_m"": 25.0, ""switching_contour_sample_count"": 12, ""switching_radial_sample_count"": 8, ""terrain_category"": ""centered_cube""}, ""process_semantics"": ""fresh cold process per repetition"", ""sampling_interval_s"": 0.02, ""sweep_variable"": ""heading_spacing_deg"", ""timeout_s"": 900.0, ""worker_mode"": ""global_oracle""}"
14.4,global-oracle-heading-1p5deg-72781ab77cfc,3,3,"{""completed"": 3}",438.85503560000507,569077760.0,0.9035332705093083,0.7372534892639833,1,True,"{""experiment_type"": ""stage14_4_global_oracle_heading"", ""memory_limit_bytes"": 4294967296, ""name"": ""global_oracle_heading_1p5deg"", ""parameters"": {""approximate_planner"": false, ""baseline_anchor"": 0, ""defender_action_count"": 3, ""defender_domain_x_max"": 7.5, ""defender_domain_x_min"": 5.0, ""defender_grid_policy"": ""canonical_three"", ""heading_spacing_deg"": 1.5, ""initial_defender_action_id"": 0, ""multi_start"": false, ""r_neighbor"": 1, ""reinforcement_learning"": false, ""spatial_resolution_m"": 25.0, ""switching_contour_sample_count"": 12, ""switching_radial_sample_count"": 8, ""terrain_category"": ""centered_cube""}, ""process_semantics"": ""fresh cold process per repetition"", ""sampling_interval_s"": 0.02, ""sweep_variable"": ""heading_spacing_deg"", ""timeout_s"": 900.0, ""worker_mode"": ""global_oracle""}"
14.4,global-oracle-heading-20p0deg-5a11c7b784de,3,0,"{""worker_failure"": 3}",,,,,0,False,"{""experiment_type"": ""stage14_4_global_oracle_heading"", ""memory_limit_bytes"": 4294967296, ""name"": ""global_oracle_heading_20p0deg"", ""parameters"": {""approximate_planner"": false, ""baseline_anchor"": 0, ""defender_action_count"": 3, ""defender_domain_x_max"": 7.5, ""defender_domain_x_min"": 5.0, ""defender_grid_policy"": ""canonical_three"", ""heading_spacing_deg"": 20.0, ""initial_defender_action_id"": 0, ""multi_start"": false, ""r_neighbor"": 1, ""reinforcement_learning"": false, ""spatial_resolution_m"": 25.0, ""switching_contour_sample_count"": 12, ""switching_radial_sample_count"": 8, ""terrain_category"": ""centered_cube""}, ""process_semantics"": ""fresh cold process per repetition"", ""sampling_interval_s"": 0.02, ""sweep_variable"": ""heading_spacing_deg"", ""timeout_s"": 900.0, ""worker_mode"": ""global_oracle""}"
14.4,global-oracle-heading-22p5deg-abdb1be56ed8,3,0,"{""worker_failure"": 3}",,,,,0,False,"{""experiment_type"": ""stage14_4_global_oracle_heading"", ""memory_limit_bytes"": 4294967296, ""name"": ""global_oracle_heading_22p5deg"", ""parameters"": {""approximate_planner"": false, ""baseline_anchor"": 0, ""defender_action_count"": 3, ""defender_domain_x_max"": 7.5, ""defender_domain_x_min"": 5.0, ""defender_grid_policy"": ""canonical_three"", ""heading_spacing_deg"": 22.5, ""initial_defender_action_id"": 0, ""multi_start"": false, ""r_neighbor"": 1, ""reinforcement_learning"": false, ""spatial_resolution_m"": 25.0, ""switching_contour_sample_count"": 12, ""switching_radial_sample_count"": 8, ""terrain_category"": ""centered_cube""}, ""process_semantics"": ""fresh cold process per repetition"", ""sampling_interval_s"": 0.02, ""sweep_variable"": ""heading_spacing_deg"", ""timeout_s"": 900.0, ""worker_mode"": ""global_oracle""}"
14.4,global-oracle-heading-2p0deg-3a4584b67254,3,3,"{""completed"": 3}",331.1104531000019,442068992.0,0.9139840182765075,0.7664587790729686,1,True,"{""experiment_type"": ""stage14_4_global_oracle_heading"", ""memory_limit_bytes"": 4294967296, ""name"": ""global_oracle_heading_2p0deg"", ""parameters"": {""approximate_planner"": false, ""baseline_anchor"": 0, ""defender_action_count"": 3, ""defender_domain_x_max"": 7.5, ""defender_domain_x_min"": 5.0, ""defender_grid_policy"": ""canonical_three"", ""heading_spacing_deg"": 2.0, ""initial_defender_action_id"": 0, ""multi_start"": false, ""r_neighbor"": 1, ""reinforcement_learning"": false, ""spatial_resolution_m"": 25.0, ""switching_contour_sample_count"": 12, ""switching_radial_sample_count"": 8, ""terrain_category"": ""centered_cube""}, ""process_semantics"": ""fresh cold process per repetition"", ""sampling_interval_s"": 0.02, ""sweep_variable"": ""heading_spacing_deg"", ""timeout_s"": 900.0, ""worker_mode"": ""global_oracle""}"
14.4,global-oracle-heading-2p5deg-1f81341908f3,3,3,"{""completed"": 3}",224.69695649999994,363970560.0,0.9131141102803907,0.7561743337394496,1,True,"{""experiment_type"": ""stage14_4_global_oracle_heading"", ""memory_limit_bytes"": 4294967296, ""name"": ""global_oracle_heading_2p5deg"", ""parameters"": {""approximate_planner"": false, ""baseline_anchor"": 0, ""defender_action_count"": 3, ""defender_domain_x_max"": 7.5, ""defender_domain_x_min"": 5.0, ""defender_grid_policy"": ""canonical_three"", ""heading_spacing_deg"": 2.5, ""initial_defender_action_id"": 0, ""multi_start"": false, ""r_neighbor"": 1, ""reinforcement_learning"": false, ""spatial_resolution_m"": 25.0, ""switching_contour_sample_count"": 12, ""switching_radial_sample_count"": 8, ""terrain_category"": ""centered_cube""}, ""process_semantics"": ""fresh cold process per repetition"", ""sampling_interval_s"": 0.02, ""sweep_variable"": ""heading_spacing_deg"", ""timeout_s"": 900.0, ""worker_mode"": ""global_oracle""}"
14.4,global-oracle-heading-30p0deg-90f59d080fd9,3,0,"{""worker_failure"": 3}",,,,,0,False,"{""experiment_type"": ""stage14_4_global_oracle_heading"", ""memory_limit_bytes"": 4294967296, ""name"": ""global_oracle_heading_30p0deg"", ""parameters"": {""approximate_planner"": false, ""baseline_anchor"": 0, ""defender_action_count"": 3, ""defender_domain_x_max"": 7.5, ""defender_domain_x_min"": 5.0, ""defender_grid_policy"": ""canonical_three"", ""heading_spacing_deg"": 30.0, ""initial_defender_action_id"": 0, ""multi_start"": false, ""r_neighbor"": 1, ""reinforcement_learning"": false, ""spatial_resolution_m"": 25.0, ""switching_contour_sample_count"": 12, ""switching_radial_sample_count"": 8, ""terrain_category"": ""centered_cube""}, ""process_semantics"": ""fresh cold process per repetition"", ""sampling_interval_s"": 0.02, ""sweep_variable"": ""heading_spacing_deg"", ""timeout_s"": 900.0, ""worker_mode"": ""global_oracle""}"
14.4,global-oracle-heading-36p0deg-4b82e5619efc,3,0,"{""worker_failure"": 3}",,,,,0,False,"{""experiment_type"": ""stage14_4_global_oracle_heading"", ""memory_limit_bytes"": 4294967296, ""name"": ""global_oracle_heading_36p0deg"", ""parameters"": {""approximate_planner"": false, ""baseline_anchor"": 0, ""defender_action_count"": 3, ""defender_domain_x_max"": 7.5, ""defender_domain_x_min"": 5.0, ""defender_grid_policy"": ""canonical_three"", ""heading_spacing_deg"": 36.0, ""initial_defender_action_id"": 0, ""multi_start"": false, ""r_neighbor"": 1, ""reinforcement_learning"": false, ""spatial_resolution_m"": 25.0, ""switching_contour_sample_count"": 12, ""switching_radial_sample_count"": 8, ""terrain_category"": ""centered_cube""}, ""process_semantics"": ""fresh cold process per repetition"", ""sampling_interval_s"": 0.02, ""sweep_variable"": ""heading_spacing_deg"", ""timeout_s"": 900.0, ""worker_mode"": ""global_oracle""}"
14.4,global-oracle-heading-3p0deg-8d6b9973371c,3,3,"{""completed"": 3}",188.8249485999986,312102912.0,0.9388479364147708,0.7725524854709874,1,True,"{""experiment_type"": ""stage14_4_global_oracle_heading"", ""memory_limit_bytes"": 4294967296, ""name"": ""global_oracle_heading_3p0deg"", ""parameters"": {""approximate_planner"": false, ""baseline_anchor"": 0, ""defender_action_count"": 3, ""defender_domain_x_max"": 7.5, ""defender_domain_x_min"": 5.0, ""defender_grid_policy"": ""canonical_three"", ""heading_spacing_deg"": 3.0, ""initial_defender_action_id"": 0, ""multi_start"": false, ""r_neighbor"": 1, ""reinforcement_learning"": false, ""spatial_resolution_m"": 25.0, ""switching_contour_sample_count"": 12, ""switching_radial_sample_count"": 8, ""terrain_category"": ""centered_cube""}, ""process_semantics"": ""fresh cold process per repetition"", ""sampling_interval_s"": 0.02, ""sweep_variable"": ""heading_spacing_deg"", ""timeout_s"": 900.0, ""worker_mode"": ""global_oracle""}"
14.4,global-oracle-heading-45p0deg-d08eb5fc990e,3,0,"{""worker_failure"": 3}",,,,,0,False,"{""experiment_type"": ""stage14_4_global_oracle_heading"", ""memory_limit_bytes"": 4294967296, ""name"": ""global_oracle_heading_45p0deg"", ""parameters"": {""approximate_planner"": false, ""baseline_anchor"": 0, ""defender_action_count"": 3, ""defender_domain_x_max"": 7.5, ""defender_domain_x_min"": 5.0, ""defender_grid_policy"": ""canonical_three"", ""heading_spacing_deg"": 45.0, ""initial_defender_action_id"": 0, ""multi_start"": false, ""r_neighbor"": 1, ""reinforcement_learning"": false, ""spatial_resolution_m"": 25.0, ""switching_contour_sample_count"": 12, ""switching_radial_sample_count"": 8, ""terrain_category"": ""centered_cube""}, ""process_semantics"": ""fresh cold process per repetition"", ""sampling_interval_s"": 0.02, ""sweep_variable"": ""heading_spacing_deg"", ""timeout_s"": 900.0, ""worker_mode"": ""global_oracle""}"
14.4,global-oracle-heading-4p0deg-87ca1185ab8b,3,3,"{""completed"": 3}",102.02980160000152,246972416.0,0.9454203599323537,0.7735083747337392,1,True,"{""experiment_type"": ""stage14_4_global_oracle_heading"", ""memory_limit_bytes"": 4294967296, ""name"": ""global_oracle_heading_4p0deg"", ""parameters"": {""approximate_planner"": false, ""baseline_anchor"": 0, ""defender_action_count"": 3, ""defender_domain_x_max"": 7.5, ""defender_domain_x_min"": 5.0, ""defender_grid_policy"": ""canonical_three"", ""heading_spacing_deg"": 4.0, ""initial_defender_action_id"": 0, ""multi_start"": false, ""r_neighbor"": 1, ""reinforcement_learning"": false, ""spatial_resolution_m"": 25.0, ""switching_contour_sample_count"": 12, ""switching_radial_sample_count"": 8, ""terrain_category"": ""centered_cube""}, ""process_semantics"": ""fresh cold process per repetition"", ""sampling_interval_s"": 0.02, ""sweep_variable"": ""heading_spacing_deg"", ""timeout_s"": 900.0, ""worker_mode"": ""global_oracle""}"
14.4,global-oracle-heading-4p5deg-913ff814188e,3,3,"{""completed"": 3}",62.596972500003176,222478336.0,0.9449082865780206,0.7818042852783713,1,True,"{""experiment_type"": ""stage14_4_global_oracle_heading"", ""memory_limit_bytes"": 4294967296, ""name"": ""global_oracle_heading_4p5deg"", ""parameters"": {""approximate_planner"": false, ""baseline_anchor"": 0, ""defender_action_count"": 3, ""defender_domain_x_max"": 7.5, ""defender_domain_x_min"": 5.0, ""defender_grid_policy"": ""canonical_three"", ""heading_spacing_deg"": 4.5, ""initial_defender_action_id"": 0, ""multi_start"": false, ""r_neighbor"": 1, ""reinforcement_learning"": false, ""spatial_resolution_m"": 25.0, ""switching_contour_sample_count"": 12, ""switching_radial_sample_count"": 8, ""terrain_category"": ""centered_cube""}, ""process_semantics"": ""fresh cold process per repetition"", ""sampling_interval_s"": 0.02, ""sweep_variable"": ""heading_spacing_deg"", ""timeout_s"": 900.0, ""worker_mode"": ""global_oracle""}"
14.4,global-oracle-heading-6p0deg-86583aafd5d4,3,3,"{""completed"": 3}",42.02341130000423,178847744.0,0.9707309175236374,0.7924387924683374,1,True,"{""experiment_type"": ""stage14_4_global_oracle_heading"", ""memory_limit_bytes"": 4294967296, ""name"": ""global_oracle_heading_6p0deg"", ""parameters"": {""approximate_planner"": false, ""baseline_anchor"": 0, ""defender_action_count"": 3, ""defender_domain_x_max"": 7.5, ""defender_domain_x_min"": 5.0, ""defender_grid_policy"": ""canonical_three"", ""heading_spacing_deg"": 6.0, ""initial_defender_action_id"": 0, ""multi_start"": false, ""r_neighbor"": 1, ""reinforcement_learning"": false, ""spatial_resolution_m"": 25.0, ""switching_contour_sample_count"": 12, ""switching_radial_sample_count"": 8, ""terrain_category"": ""centered_cube""}, ""process_semantics"": ""fresh cold process per repetition"", ""sampling_interval_s"": 0.02, ""sweep_variable"": ""heading_spacing_deg"", ""timeout_s"": 900.0, ""worker_mode"": ""global_oracle""}"
14.4,global-oracle-heading-7p5deg-e9fa4765b8e6,3,3,"{""completed"": 3}",26.659087099993485,155189248.0,0.9931717775052857,0.7994620104342559,1,True,"{""experiment_type"": ""stage14_4_global_oracle_heading"", ""memory_limit_bytes"": 4294967296, ""name"": ""global_oracle_heading_7p5deg"", ""parameters"": {""approximate_planner"": false, ""baseline_anchor"": 0, ""defender_action_count"": 3, ""defender_domain_x_max"": 7.5, ""defender_domain_x_min"": 5.0, ""defender_grid_policy"": ""canonical_three"", ""heading_spacing_deg"": 7.5, ""initial_defender_action_id"": 0, ""multi_start"": false, ""r_neighbor"": 1, ""reinforcement_learning"": false, ""spatial_resolution_m"": 25.0, ""switching_contour_sample_count"": 12, ""switching_radial_sample_count"": 8, ""terrain_category"": ""centered_cube""}, ""process_semantics"": ""fresh cold process per repetition"", ""sampling_interval_s"": 0.02, ""sweep_variable"": ""heading_spacing_deg"", ""timeout_s"": 900.0, ""worker_mode"": ""global_oracle""}"
14.4,global-oracle-heading-9p0deg-998eac9a5016,3,3,"{""completed"": 3}",14.154615699997521,136654848.0,0.9523292033786368,0.7847476713977815,1,True,"{""experiment_type"": ""stage14_4_global_oracle_heading"", ""memory_limit_bytes"": 4294967296, ""name"": ""global_oracle_heading_9p0deg"", ""parameters"": {""approximate_planner"": false, ""baseline_anchor"": 0, ""defender_action_count"": 3, ""defender_domain_x_max"": 7.5, ""defender_domain_x_min"": 5.0, ""defender_grid_policy"": ""canonical_three"", ""heading_spacing_deg"": 9.0, ""initial_defender_action_id"": 0, ""multi_start"": false, ""r_neighbor"": 1, ""reinforcement_learning"": false, ""spatial_resolution_m"": 25.0, ""switching_contour_sample_count"": 12, ""switching_radial_sample_count"": 8, ""terrain_category"": ""centered_cube""}, ""process_semantics"": ""fresh cold process per repetition"", ""sampling_interval_s"": 0.02, ""sweep_variable"": ""heading_spacing_deg"", ""timeout_s"": 900.0, ""worker_mode"": ""global_oracle""}"
14.4,local-sse-canonical-anchor-4f8cae874bcf,3,3,"{""completed"": 3}",58.59568979999858,207331328.0,0.944086144839464,0.7814861193516704,1,True,"{""experiment_type"": ""stage14_2c_local_sse_baseline"", ""memory_limit_bytes"": 4294967296, ""name"": ""local_sse_canonical_anchor"", ""parameters"": {""approximate_planner"": false, ""baseline_anchor"": 0, ""defender_action_count"": 3, ""defender_domain_x_max"": 7.5, ""defender_domain_x_min"": 5.0, ""defender_grid_policy"": ""canonical_three"", ""heading_spacing_deg"": 5.0, ""initial_defender_action_id"": 0, ""multi_start"": false, ""r_neighbor"": 1, ""reinforcement_learning"": false, ""spatial_resolution_m"": 25.0, ""switching_contour_sample_count"": 12, ""switching_radial_sample_count"": 8, ""terrain_category"": ""centered_cube""}, ""process_semantics"": ""fresh cold process per repetition"", ""sampling_interval_s"": 0.02, ""sweep_variable"": ""baseline_anchor"", ""timeout_s"": 300.0, ""worker_mode"": ""local_sse""}"
14.4,local-sse-heading-10deg-99d5ff795b79,3,3,"{""completed"": 3}",11.785441899999569,128036864.0,0.952687238683972,0.7843318987084812,1,True,"{""experiment_type"": ""stage14_2c_local_sse_heading"", ""memory_limit_bytes"": 4294967296, ""name"": ""local_sse_heading_10deg"", ""parameters"": {""approximate_planner"": false, ""baseline_anchor"": 0, ""defender_action_count"": 3, ""defender_domain_x_max"": 7.5, ""defender_domain_x_min"": 5.0, ""defender_grid_policy"": ""canonical_three"", ""heading_spacing_deg"": 10.0, ""initial_defender_action_id"": 0, ""multi_start"": false, ""r_neighbor"": 1, ""reinforcement_learning"": false, ""spatial_resolution_m"": 25.0, ""switching_contour_sample_count"": 12, ""switching_radial_sample_count"": 8, ""terrain_category"": ""centered_cube""}, ""process_semantics"": ""fresh cold process per repetition"", ""sampling_interval_s"": 0.02, ""sweep_variable"": ""heading_spacing_deg"", ""timeout_s"": 300.0, ""worker_mode"": ""local_sse""}"
14.4,local-sse-heading-12p0deg-5fcb5b53feb9,3,3,"{""completed"": 3}",12.254208300000755,116457472.0,0.9700079872321095,0.7904758555250633,1,True,"{""experiment_type"": ""stage14_4_local_sse_heading"", ""memory_limit_bytes"": 4294967296, ""name"": ""local_sse_heading_12p0deg"", ""parameters"": {""approximate_planner"": false, ""baseline_anchor"": 0, ""defender_action_count"": 3, ""defender_domain_x_max"": 7.5, ""defender_domain_x_min"": 5.0, ""defender_grid_policy"": ""canonical_three"", ""heading_spacing_deg"": 12.0, ""initial_defender_action_id"": 0, ""multi_start"": false, ""r_neighbor"": 1, ""reinforcement_learning"": false, ""spatial_resolution_m"": 25.0, ""switching_contour_sample_count"": 12, ""switching_radial_sample_count"": 8, ""terrain_category"": ""centered_cube""}, ""process_semantics"": ""fresh cold process per repetition"", ""sampling_interval_s"": 0.02, ""sweep_variable"": ""heading_spacing_deg"", ""timeout_s"": 900.0, ""worker_mode"": ""local_sse""}"
14.4,local-sse-heading-15deg-fd857640a579,3,3,"{""completed"": 3}",4.5650158999997075,99729408.0,0.9697241814714522,0.7912859636040508,1,True,"{""experiment_type"": ""stage14_2c_local_sse_heading"", ""memory_limit_bytes"": 4294967296, ""name"": ""local_sse_heading_15deg"", ""parameters"": {""approximate_planner"": false, ""baseline_anchor"": 0, ""defender_action_count"": 3, ""defender_domain_x_max"": 7.5, ""defender_domain_x_min"": 5.0, ""defender_grid_policy"": ""canonical_three"", ""heading_spacing_deg"": 15.0, ""initial_defender_action_id"": 0, ""multi_start"": false, ""r_neighbor"": 1, ""reinforcement_learning"": false, ""spatial_resolution_m"": 25.0, ""switching_contour_sample_count"": 12, ""switching_radial_sample_count"": 8, ""terrain_category"": ""centered_cube""}, ""process_semantics"": ""fresh cold process per repetition"", ""sampling_interval_s"": 0.02, ""sweep_variable"": ""heading_spacing_deg"", ""timeout_s"": 300.0, ""worker_mode"": ""local_sse""}"
14.4,local-sse-heading-18p0deg-e574308813f0,3,3,"{""completed"": 3}",4.805134800000815,92434432.0,0.980141906039847,0.7908454506030936,1,True,"{""experiment_type"": ""stage14_4_local_sse_heading"", ""memory_limit_bytes"": 4294967296, ""name"": ""local_sse_heading_18p0deg"", ""parameters"": {""approximate_planner"": false, ""baseline_anchor"": 0, ""defender_action_count"": 3, ""defender_domain_x_max"": 7.5, ""defender_domain_x_min"": 5.0, ""defender_grid_policy"": ""canonical_three"", ""heading_spacing_deg"": 18.0, ""initial_defender_action_id"": 0, ""multi_start"": false, ""r_neighbor"": 1, ""reinforcement_learning"": false, ""spatial_resolution_m"": 25.0, ""switching_contour_sample_count"": 12, ""switching_radial_sample_count"": 8, ""terrain_category"": ""centered_cube""}, ""process_semantics"": ""fresh cold process per repetition"", ""sampling_interval_s"": 0.02, ""sweep_variable"": ""heading_spacing_deg"", ""timeout_s"": 900.0, ""worker_mode"": ""local_sse""}"
14.4,local-sse-heading-1p0deg-71152a3d3458,3,3,"{""completed"": 3}",515.0767253999948,814977024.0,0.8399127172681883,0.698982178926319,1,True,"{""experiment_type"": ""stage14_4_local_sse_heading"", ""memory_limit_bytes"": 4294967296, ""name"": ""local_sse_heading_1p0deg"", ""parameters"": {""approximate_planner"": false, ""baseline_anchor"": 0, ""defender_action_count"": 3, ""defender_domain_x_max"": 7.5, ""defender_domain_x_min"": 5.0, ""defender_grid_policy"": ""canonical_three"", ""heading_spacing_deg"": 1.0, ""initial_defender_action_id"": 0, ""multi_start"": false, ""r_neighbor"": 1, ""reinforcement_learning"": false, ""spatial_resolution_m"": 25.0, ""switching_contour_sample_count"": 12, ""switching_radial_sample_count"": 8, ""terrain_category"": ""centered_cube""}, ""process_semantics"": ""fresh cold process per repetition"", ""sampling_interval_s"": 0.02, ""sweep_variable"": ""heading_spacing_deg"", ""timeout_s"": 900.0, ""worker_mode"": ""local_sse""}"
14.4,local-sse-heading-1p5deg-257f9456cc2d,3,3,"{""completed"": 3}",438.59367430000566,569450496.0,0.9035332705093083,0.7372534892639833,1,True,"{""experiment_type"": ""stage14_4_local_sse_heading"", ""memory_limit_bytes"": 4294967296, ""name"": ""local_sse_heading_1p5deg"", ""parameters"": {""approximate_planner"": false, ""baseline_anchor"": 0, ""defender_action_count"": 3, ""defender_domain_x_max"": 7.5, ""defender_domain_x_min"": 5.0, ""defender_grid_policy"": ""canonical_three"", ""heading_spacing_deg"": 1.5, ""initial_defender_action_id"": 0, ""multi_start"": false, ""r_neighbor"": 1, ""reinforcement_learning"": false, ""spatial_resolution_m"": 25.0, ""switching_contour_sample_count"": 12, ""switching_radial_sample_count"": 8, ""terrain_category"": ""centered_cube""}, ""process_semantics"": ""fresh cold process per repetition"", ""sampling_interval_s"": 0.02, ""sweep_variable"": ""heading_spacing_deg"", ""timeout_s"": 900.0, ""worker_mode"": ""local_sse""}"
14.4,local-sse-heading-20p0deg-6ec8ec3d9f7d,3,0,"{""initial_defender_infeasible"": 3}",,,,,0,False,"{""experiment_type"": ""stage14_4_local_sse_heading"", ""memory_limit_bytes"": 4294967296, ""name"": ""local_sse_heading_20p0deg"", ""parameters"": {""approximate_planner"": false, ""baseline_anchor"": 0, ""defender_action_count"": 3, ""defender_domain_x_max"": 7.5, ""defender_domain_x_min"": 5.0, ""defender_grid_policy"": ""canonical_three"", ""heading_spacing_deg"": 20.0, ""initial_defender_action_id"": 0, ""multi_start"": false, ""r_neighbor"": 1, ""reinforcement_learning"": false, ""spatial_resolution_m"": 25.0, ""switching_contour_sample_count"": 12, ""switching_radial_sample_count"": 8, ""terrain_category"": ""centered_cube""}, ""process_semantics"": ""fresh cold process per repetition"", ""sampling_interval_s"": 0.02, ""sweep_variable"": ""heading_spacing_deg"", ""timeout_s"": 900.0, ""worker_mode"": ""local_sse""}"
14.4,local-sse-heading-22p5deg-d71ceaad370c,3,0,"{""initial_defender_infeasible"": 3}",,,,,0,False,"{""experiment_type"": ""stage14_4_local_sse_heading"", ""memory_limit_bytes"": 4294967296, ""name"": ""local_sse_heading_22p5deg"", ""parameters"": {""approximate_planner"": false, ""baseline_anchor"": 0, ""defender_action_count"": 3, ""defender_domain_x_max"": 7.5, ""defender_domain_x_min"": 5.0, ""defender_grid_policy"": ""canonical_three"", ""heading_spacing_deg"": 22.5, ""initial_defender_action_id"": 0, ""multi_start"": false, ""r_neighbor"": 1, ""reinforcement_learning"": false, ""spatial_resolution_m"": 25.0, ""switching_contour_sample_count"": 12, ""switching_radial_sample_count"": 8, ""terrain_category"": ""centered_cube""}, ""process_semantics"": ""fresh cold process per repetition"", ""sampling_interval_s"": 0.02, ""sweep_variable"": ""heading_spacing_deg"", ""timeout_s"": 900.0, ""worker_mode"": ""local_sse""}"
14.4,local-sse-heading-2p0deg-3d9eace3934e,3,3,"{""completed"": 3}",332.5815192000009,441741312.0,0.9139840182765075,0.7664587790729686,1,True,"{""experiment_type"": ""stage14_4_local_sse_heading"", ""memory_limit_bytes"": 4294967296, ""name"": ""local_sse_heading_2p0deg"", ""parameters"": {""approximate_planner"": false, ""baseline_anchor"": 0, ""defender_action_count"": 3, ""defender_domain_x_max"": 7.5, ""defender_domain_x_min"": 5.0, ""defender_grid_policy"": ""canonical_three"", ""heading_spacing_deg"": 2.0, ""initial_defender_action_id"": 0, ""multi_start"": false, ""r_neighbor"": 1, ""reinforcement_learning"": false, ""spatial_resolution_m"": 25.0, ""switching_contour_sample_count"": 12, ""switching_radial_sample_count"": 8, ""terrain_category"": ""centered_cube""}, ""process_semantics"": ""fresh cold process per repetition"", ""sampling_interval_s"": 0.02, ""sweep_variable"": ""heading_spacing_deg"", ""timeout_s"": 900.0, ""worker_mode"": ""local_sse""}"
14.4,local-sse-heading-2p5deg-ae4958094df0,3,3,"{""completed"": 3}",225.60300240000106,363986944.0,0.9131141102803907,0.7561743337394496,1,True,"{""experiment_type"": ""stage14_4_local_sse_heading"", ""memory_limit_bytes"": 4294967296, ""name"": ""local_sse_heading_2p5deg"", ""parameters"": {""approximate_planner"": false, ""baseline_anchor"": 0, ""defender_action_count"": 3, ""defender_domain_x_max"": 7.5, ""defender_domain_x_min"": 5.0, ""defender_grid_policy"": ""canonical_three"", ""heading_spacing_deg"": 2.5, ""initial_defender_action_id"": 0, ""multi_start"": false, ""r_neighbor"": 1, ""reinforcement_learning"": false, ""spatial_resolution_m"": 25.0, ""switching_contour_sample_count"": 12, ""switching_radial_sample_count"": 8, ""terrain_category"": ""centered_cube""}, ""process_semantics"": ""fresh cold process per repetition"", ""sampling_interval_s"": 0.02, ""sweep_variable"": ""heading_spacing_deg"", ""timeout_s"": 900.0, ""worker_mode"": ""local_sse""}"
14.4,local-sse-heading-30p0deg-ddfbf58067b1,3,0,"{""initial_defender_infeasible"": 3}",,,,,0,False,"{""experiment_type"": ""stage14_4_local_sse_heading"", ""memory_limit_bytes"": 4294967296, ""name"": ""local_sse_heading_30p0deg"", ""parameters"": {""approximate_planner"": false, ""baseline_anchor"": 0, ""defender_action_count"": 3, ""defender_domain_x_max"": 7.5, ""defender_domain_x_min"": 5.0, ""defender_grid_policy"": ""canonical_three"", ""heading_spacing_deg"": 30.0, ""initial_defender_action_id"": 0, ""multi_start"": false, ""r_neighbor"": 1, ""reinforcement_learning"": false, ""spatial_resolution_m"": 25.0, ""switching_contour_sample_count"": 12, ""switching_radial_sample_count"": 8, ""terrain_category"": ""centered_cube""}, ""process_semantics"": ""fresh cold process per repetition"", ""sampling_interval_s"": 0.02, ""sweep_variable"": ""heading_spacing_deg"", ""timeout_s"": 900.0, ""worker_mode"": ""local_sse""}"
14.4,local-sse-heading-36p0deg-a5bf09d66add,3,0,"{""initial_defender_infeasible"": 3}",,,,,0,False,"{""experiment_type"": ""stage14_4_local_sse_heading"", ""memory_limit_bytes"": 4294967296, ""name"": ""local_sse_heading_36p0deg"", ""parameters"": {""approximate_planner"": false, ""baseline_anchor"": 0, ""defender_action_count"": 3, ""defender_domain_x_max"": 7.5, ""defender_domain_x_min"": 5.0, ""defender_grid_policy"": ""canonical_three"", ""heading_spacing_deg"": 36.0, ""initial_defender_action_id"": 0, ""multi_start"": false, ""r_neighbor"": 1, ""reinforcement_learning"": false, ""spatial_resolution_m"": 25.0, ""switching_contour_sample_count"": 12, ""switching_radial_sample_count"": 8, ""terrain_category"": ""centered_cube""}, ""process_semantics"": ""fresh cold process per repetition"", ""sampling_interval_s"": 0.02, ""sweep_variable"": ""heading_spacing_deg"", ""timeout_s"": 900.0, ""worker_mode"": ""local_sse""}"
14.4,local-sse-heading-3p0deg-6e49bac70b34,3,3,"{""completed"": 3}",189.03711080001085,312991744.0,0.9388479364147708,0.7725524854709874,1,True,"{""experiment_type"": ""stage14_4_local_sse_heading"", ""memory_limit_bytes"": 4294967296, ""name"": ""local_sse_heading_3p0deg"", ""parameters"": {""approximate_planner"": false, ""baseline_anchor"": 0, ""defender_action_count"": 3, ""defender_domain_x_max"": 7.5, ""defender_domain_x_min"": 5.0, ""defender_grid_policy"": ""canonical_three"", ""heading_spacing_deg"": 3.0, ""initial_defender_action_id"": 0, ""multi_start"": false, ""r_neighbor"": 1, ""reinforcement_learning"": false, ""spatial_resolution_m"": 25.0, ""switching_contour_sample_count"": 12, ""switching_radial_sample_count"": 8, ""terrain_category"": ""centered_cube""}, ""process_semantics"": ""fresh cold process per repetition"", ""sampling_interval_s"": 0.02, ""sweep_variable"": ""heading_spacing_deg"", ""timeout_s"": 900.0, ""worker_mode"": ""local_sse""}"
14.4,local-sse-heading-45p0deg-fc5fa5d0f1b3,3,0,"{""initial_defender_infeasible"": 3}",,,,,0,False,"{""experiment_type"": ""stage14_4_local_sse_heading"", ""memory_limit_bytes"": 4294967296, ""name"": ""local_sse_heading_45p0deg"", ""parameters"": {""approximate_planner"": false, ""baseline_anchor"": 0, ""defender_action_count"": 3, ""defender_domain_x_max"": 7.5, ""defender_domain_x_min"": 5.0, ""defender_grid_policy"": ""canonical_three"", ""heading_spacing_deg"": 45.0, ""initial_defender_action_id"": 0, ""multi_start"": false, ""r_neighbor"": 1, ""reinforcement_learning"": false, ""spatial_resolution_m"": 25.0, ""switching_contour_sample_count"": 12, ""switching_radial_sample_count"": 8, ""terrain_category"": ""centered_cube""}, ""process_semantics"": ""fresh cold process per repetition"", ""sampling_interval_s"": 0.02, ""sweep_variable"": ""heading_spacing_deg"", ""timeout_s"": 900.0, ""worker_mode"": ""local_sse""}"
14.4,local-sse-heading-4p0deg-f72ca7f2647e,3,3,"{""completed"": 3}",101.71534569999494,245542912.0,0.9454203599323537,0.7735083747337392,1,True,"{""experiment_type"": ""stage14_4_local_sse_heading"", ""memory_limit_bytes"": 4294967296, ""name"": ""local_sse_heading_4p0deg"", ""parameters"": {""approximate_planner"": false, ""baseline_anchor"": 0, ""defender_action_count"": 3, ""defender_domain_x_max"": 7.5, ""defender_domain_x_min"": 5.0, ""defender_grid_policy"": ""canonical_three"", ""heading_spacing_deg"": 4.0, ""initial_defender_action_id"": 0, ""multi_start"": false, ""r_neighbor"": 1, ""reinforcement_learning"": false, ""spatial_resolution_m"": 25.0, ""switching_contour_sample_count"": 12, ""switching_radial_sample_count"": 8, ""terrain_category"": ""centered_cube""}, ""process_semantics"": ""fresh cold process per repetition"", ""sampling_interval_s"": 0.02, ""sweep_variable"": ""heading_spacing_deg"", ""timeout_s"": 900.0, ""worker_mode"": ""local_sse""}"
14.4,local-sse-heading-4p5deg-9def9f0217ba,3,3,"{""completed"": 3}",62.00363439999637,222355456.0,0.9449082865780206,0.7818042852783713,1,True,"{""experiment_type"": ""stage14_4_local_sse_heading"", ""memory_limit_bytes"": 4294967296, ""name"": ""local_sse_heading_4p5deg"", ""parameters"": {""approximate_planner"": false, ""baseline_anchor"": 0, ""defender_action_count"": 3, ""defender_domain_x_max"": 7.5, ""defender_domain_x_min"": 5.0, ""defender_grid_policy"": ""canonical_three"", ""heading_spacing_deg"": 4.5, ""initial_defender_action_id"": 0, ""multi_start"": false, ""r_neighbor"": 1, ""reinforcement_learning"": false, ""spatial_resolution_m"": 25.0, ""switching_contour_sample_count"": 12, ""switching_radial_sample_count"": 8, ""terrain_category"": ""centered_cube""}, ""process_semantics"": ""fresh cold process per repetition"", ""sampling_interval_s"": 0.02, ""sweep_variable"": ""heading_spacing_deg"", ""timeout_s"": 900.0, ""worker_mode"": ""local_sse""}"
14.4,local-sse-heading-6p0deg-178a7efa4249,3,3,"{""completed"": 3}",42.12017909999122,179990528.0,0.9707309175236374,0.7924387924683374,1,True,"{""experiment_type"": ""stage14_4_local_sse_heading"", ""memory_limit_bytes"": 4294967296, ""name"": ""local_sse_heading_6p0deg"", ""parameters"": {""approximate_planner"": false, ""baseline_anchor"": 0, ""defender_action_count"": 3, ""defender_domain_x_max"": 7.5, ""defender_domain_x_min"": 5.0, ""defender_grid_policy"": ""canonical_three"", ""heading_spacing_deg"": 6.0, ""initial_defender_action_id"": 0, ""multi_start"": false, ""r_neighbor"": 1, ""reinforcement_learning"": false, ""spatial_resolution_m"": 25.0, ""switching_contour_sample_count"": 12, ""switching_radial_sample_count"": 8, ""terrain_category"": ""centered_cube""}, ""process_semantics"": ""fresh cold process per repetition"", ""sampling_interval_s"": 0.02, ""sweep_variable"": ""heading_spacing_deg"", ""timeout_s"": 900.0, ""worker_mode"": ""local_sse""}"
14.4,local-sse-heading-7p5deg-763915a58a6f,3,3,"{""completed"": 3}",26.68021979999321,154886144.0,0.9931717775052857,0.7994620104342559,1,True,"{""experiment_type"": ""stage14_4_local_sse_heading"", ""memory_limit_bytes"": 4294967296, ""name"": ""local_sse_heading_7p5deg"", ""parameters"": {""approximate_planner"": false, ""baseline_anchor"": 0, ""defender_action_count"": 3, ""defender_domain_x_max"": 7.5, ""defender_domain_x_min"": 5.0, ""defender_grid_policy"": ""canonical_three"", ""heading_spacing_deg"": 7.5, ""initial_defender_action_id"": 0, ""multi_start"": false, ""r_neighbor"": 1, ""reinforcement_learning"": false, ""spatial_resolution_m"": 25.0, ""switching_contour_sample_count"": 12, ""switching_radial_sample_count"": 8, ""terrain_category"": ""centered_cube""}, ""process_semantics"": ""fresh cold process per repetition"", ""sampling_interval_s"": 0.02, ""sweep_variable"": ""heading_spacing_deg"", ""timeout_s"": 900.0, ""worker_mode"": ""local_sse""}"
14.4,local-sse-heading-9p0deg-951b3e6b25da,3,3,"{""completed"": 3}",14.037676199994166,135921664.0,0.9523292033786368,0.7847476713977815,1,True,"{""experiment_type"": ""stage14_4_local_sse_heading"", ""memory_limit_bytes"": 4294967296, ""name"": ""local_sse_heading_9p0deg"", ""parameters"": {""approximate_planner"": false, ""baseline_anchor"": 0, ""defender_action_count"": 3, ""defender_domain_x_max"": 7.5, ""defender_domain_x_min"": 5.0, ""defender_grid_policy"": ""canonical_three"", ""heading_spacing_deg"": 9.0, ""initial_defender_action_id"": 0, ""multi_start"": false, ""r_neighbor"": 1, ""reinforcement_learning"": false, ""spatial_resolution_m"": 25.0, ""switching_contour_sample_count"": 12, ""switching_radial_sample_count"": 8, ""terrain_category"": ""centered_cube""}, ""process_semantics"": ""fresh cold process per repetition"", ""sampling_interval_s"": 0.02, ""sweep_variable"": ""heading_spacing_deg"", ""timeout_s"": 900.0, ""worker_mode"": ""local_sse""}"
14.5,global-oracle-switch-contour-12-1392c4974d4a,3,3,"{""completed"": 3}",56.72609520000151,205099008.0,0.944086144839464,0.7814861193516704,1,True,"{""experiment_type"": ""stage14_5_global_oracle_switching_density"", ""memory_limit_bytes"": 4294967296, ""name"": ""global_oracle_switch_contour_12"", ""parameters"": {""approximate_planner"": false, ""baseline_anchor"": 0, ""defender_action_count"": 3, ""defender_domain_x_max"": 7.5, ""defender_domain_x_min"": 5.0, ""defender_grid_policy"": ""canonical_three"", ""heading_spacing_deg"": 5.0, ""initial_defender_action_id"": 0, ""multi_start"": false, ""r_neighbor"": 1, ""reinforcement_learning"": false, ""spatial_resolution_m"": 25.0, ""switching_contour_sample_count"": 12, ""switching_radial_sample_count"": 8, ""terrain_category"": ""centered_cube""}, ""process_semantics"": ""fresh cold process per repetition"", ""sampling_interval_s"": 0.02, ""sweep_variable"": ""switching_contour_sample_count"", ""timeout_s"": 600.0, ""worker_mode"": ""global_oracle""}"
14.5,global-oracle-switch-contour-6-ea26c4605ccd,3,3,"{""completed"": 3}",30.10141829999884,200941568.0,0.9451630119996846,0.7814711306439309,1,True,"{""experiment_type"": ""stage14_5_global_oracle_switching_density"", ""memory_limit_bytes"": 4294967296, ""name"": ""global_oracle_switch_contour_6"", ""parameters"": {""approximate_planner"": false, ""baseline_anchor"": 0, ""defender_action_count"": 3, ""defender_domain_x_max"": 7.5, ""defender_domain_x_min"": 5.0, ""defender_grid_policy"": ""canonical_three"", ""heading_spacing_deg"": 5.0, ""initial_defender_action_id"": 0, ""multi_start"": false, ""r_neighbor"": 1, ""reinforcement_learning"": false, ""spatial_resolution_m"": 25.0, ""switching_contour_sample_count"": 6, ""switching_radial_sample_count"": 8, ""terrain_category"": ""centered_cube""}, ""process_semantics"": ""fresh cold process per repetition"", ""sampling_interval_s"": 0.02, ""sweep_variable"": ""switching_contour_sample_count"", ""timeout_s"": 600.0, ""worker_mode"": ""global_oracle""}"
14.5,global-oracle-switch-contour-9-88d639ebb1ac,3,3,"{""completed"": 3}",44.3638933000002,202010624.0,0.950208719670526,0.7814935518630626,1,True,"{""experiment_type"": ""stage14_5_global_oracle_switching_density"", ""memory_limit_bytes"": 4294967296, ""name"": ""global_oracle_switch_contour_9"", ""parameters"": {""approximate_planner"": false, ""baseline_anchor"": 0, ""defender_action_count"": 3, ""defender_domain_x_max"": 7.5, ""defender_domain_x_min"": 5.0, ""defender_grid_policy"": ""canonical_three"", ""heading_spacing_deg"": 5.0, ""initial_defender_action_id"": 0, ""multi_start"": false, ""r_neighbor"": 1, ""reinforcement_learning"": false, ""spatial_resolution_m"": 25.0, ""switching_contour_sample_count"": 9, ""switching_radial_sample_count"": 8, ""terrain_category"": ""centered_cube""}, ""process_semantics"": ""fresh cold process per repetition"", ""sampling_interval_s"": 0.02, ""sweep_variable"": ""switching_contour_sample_count"", ""timeout_s"": 600.0, ""worker_mode"": ""global_oracle""}"
14.5,local-sse-switch-contour-12-9573a3afa818,3,3,"{""completed"": 3}",57.23755330000131,206225408.0,0.944086144839464,0.7814861193516704,1,True,"{""experiment_type"": ""stage14_5_local_sse_switching_density"", ""memory_limit_bytes"": 4294967296, ""name"": ""local_sse_switch_contour_12"", ""parameters"": {""approximate_planner"": false, ""baseline_anchor"": 0, ""defender_action_count"": 3, ""defender_domain_x_max"": 7.5, ""defender_domain_x_min"": 5.0, ""defender_grid_policy"": ""canonical_three"", ""heading_spacing_deg"": 5.0, ""initial_defender_action_id"": 0, ""multi_start"": false, ""r_neighbor"": 1, ""reinforcement_learning"": false, ""spatial_resolution_m"": 25.0, ""switching_contour_sample_count"": 12, ""switching_radial_sample_count"": 8, ""terrain_category"": ""centered_cube""}, ""process_semantics"": ""fresh cold process per repetition"", ""sampling_interval_s"": 0.02, ""sweep_variable"": ""switching_contour_sample_count"", ""timeout_s"": 600.0, ""worker_mode"": ""local_sse""}"
14.5,local-sse-switch-contour-6-d03c3c96ef0b,3,3,"{""completed"": 3}",17.048840499999642,200351744.0,0.1918606116922587,0.014278006923464828,1,True,"{""experiment_type"": ""stage14_5_local_sse_switching_density"", ""memory_limit_bytes"": 4294967296, ""name"": ""local_sse_switch_contour_6"", ""parameters"": {""approximate_planner"": false, ""baseline_anchor"": 0, ""defender_action_count"": 3, ""defender_domain_x_max"": 7.5, ""defender_domain_x_min"": 5.0, ""defender_grid_policy"": ""canonical_three"", ""heading_spacing_deg"": 5.0, ""initial_defender_action_id"": 0, ""multi_start"": false, ""r_neighbor"": 1, ""reinforcement_learning"": false, ""spatial_resolution_m"": 25.0, ""switching_contour_sample_count"": 6, ""switching_radial_sample_count"": 8, ""terrain_category"": ""centered_cube""}, ""process_semantics"": ""fresh cold process per repetition"", ""sampling_interval_s"": 0.02, ""sweep_variable"": ""switching_contour_sample_count"", ""timeout_s"": 600.0, ""worker_mode"": ""local_sse""}"
14.5,local-sse-switch-contour-9-013e244ee6da,3,3,"{""completed"": 3}",44.039061100000254,203247616.0,0.950208719670526,0.7814935518630626,1,True,"{""experiment_type"": ""stage14_5_local_sse_switching_density"", ""memory_limit_bytes"": 4294967296, ""name"": ""local_sse_switch_contour_9"", ""parameters"": {""approximate_planner"": false, ""baseline_anchor"": 0, ""defender_action_count"": 3, ""defender_domain_x_max"": 7.5, ""defender_domain_x_min"": 5.0, ""defender_grid_policy"": ""canonical_three"", ""heading_spacing_deg"": 5.0, ""initial_defender_action_id"": 0, ""multi_start"": false, ""r_neighbor"": 1, ""reinforcement_learning"": false, ""spatial_resolution_m"": 25.0, ""switching_contour_sample_count"": 9, ""switching_radial_sample_count"": 8, ""terrain_category"": ""centered_cube""}, ""process_semantics"": ""fresh cold process per repetition"", ""sampling_interval_s"": 0.02, ""sweep_variable"": ""switching_contour_sample_count"", ""timeout_s"": 600.0, ""worker_mode"": ""local_sse""}"
14.6,global-oracle-r-neighbor-8-reference-825b789a73e4,3,3,"{""completed"": 3}",48.72104989999934,205590528.0,0.944086144839464,0.7814861193516704,1,True,"{""experiment_type"": ""stage14_6_exact_global_full_radius_reference"", ""memory_limit_bytes"": 4294967296, ""name"": ""global_oracle_r_neighbor_8_reference"", ""parameters"": {""approximate_planner"": false, ""baseline_anchor"": 0, ""defender_action_count"": 9, ""defender_domain_x_max"": 7.5, ""defender_domain_x_min"": 5.0, ""defender_grid_policy"": ""uniform_fixed_domain"", ""heading_spacing_deg"": 5.0, ""initial_defender_action_id"": 0, ""multi_start"": false, ""r_neighbor"": 8, ""reinforcement_learning"": false, ""spatial_resolution_m"": 25.0, ""switching_contour_sample_count"": 12, ""switching_radial_sample_count"": 8, ""terrain_category"": ""centered_cube""}, ""process_semantics"": ""fresh cold process per repetition"", ""sampling_interval_s"": 0.02, ""sweep_variable"": ""r_neighbor"", ""timeout_s"": 600.0, ""worker_mode"": ""global_oracle""}"
14.6,local-sse-r-neighbor-1-69d3ac42f283,3,3,"{""completed"": 3}",18.78222789999927,200511488.0,0.18906376619883056,0.015043572080443185,1,True,"{""experiment_type"": ""stage14_6_local_sse_neighbor_radius"", ""memory_limit_bytes"": 4294967296, ""name"": ""local_sse_r_neighbor_1"", ""parameters"": {""approximate_planner"": false, ""baseline_anchor"": 0, ""defender_action_count"": 9, ""defender_domain_x_max"": 7.5, ""defender_domain_x_min"": 5.0, ""defender_grid_policy"": ""uniform_fixed_domain"", ""heading_spacing_deg"": 5.0, ""initial_defender_action_id"": 0, ""multi_start"": false, ""r_neighbor"": 1, ""reinforcement_learning"": false, ""spatial_resolution_m"": 25.0, ""switching_contour_sample_count"": 12, ""switching_radial_sample_count"": 8, ""terrain_category"": ""centered_cube""}, ""process_semantics"": ""fresh cold process per repetition"", ""sampling_interval_s"": 0.02, ""sweep_variable"": ""r_neighbor"", ""timeout_s"": 600.0, ""worker_mode"": ""local_sse""}"
14.6,local-sse-r-neighbor-2-f52214fd8f05,3,3,"{""completed"": 3}",19.88762619999943,199471104.0,0.18906376619883056,0.015043572080443185,1,True,"{""experiment_type"": ""stage14_6_local_sse_neighbor_radius"", ""memory_limit_bytes"": 4294967296, ""name"": ""local_sse_r_neighbor_2"", ""parameters"": {""approximate_planner"": false, ""baseline_anchor"": 0, ""defender_action_count"": 9, ""defender_domain_x_max"": 7.5, ""defender_domain_x_min"": 5.0, ""defender_grid_policy"": ""uniform_fixed_domain"", ""heading_spacing_deg"": 5.0, ""initial_defender_action_id"": 0, ""multi_start"": false, ""r_neighbor"": 2, ""reinforcement_learning"": false, ""spatial_resolution_m"": 25.0, ""switching_contour_sample_count"": 12, ""switching_radial_sample_count"": 8, ""terrain_category"": ""centered_cube""}, ""process_semantics"": ""fresh cold process per repetition"", ""sampling_interval_s"": 0.02, ""sweep_variable"": ""r_neighbor"", ""timeout_s"": 600.0, ""worker_mode"": ""local_sse""}"
14.6,local-sse-r-neighbor-4-7c53a9d6272c,3,3,"{""completed"": 3}",22.258922099999836,200634368.0,0.18906376619883056,0.015043572080443185,1,True,"{""experiment_type"": ""stage14_6_local_sse_neighbor_radius"", ""memory_limit_bytes"": 4294967296, ""name"": ""local_sse_r_neighbor_4"", ""parameters"": {""approximate_planner"": false, ""baseline_anchor"": 0, ""defender_action_count"": 9, ""defender_domain_x_max"": 7.5, ""defender_domain_x_min"": 5.0, ""defender_grid_policy"": ""uniform_fixed_domain"", ""heading_spacing_deg"": 5.0, ""initial_defender_action_id"": 0, ""multi_start"": false, ""r_neighbor"": 4, ""reinforcement_learning"": false, ""spatial_resolution_m"": 25.0, ""switching_contour_sample_count"": 12, ""switching_radial_sample_count"": 8, ""terrain_category"": ""centered_cube""}, ""process_semantics"": ""fresh cold process per repetition"", ""sampling_interval_s"": 0.02, ""sweep_variable"": ""r_neighbor"", ""timeout_s"": 600.0, ""worker_mode"": ""local_sse""}"
14.6,local-sse-r-neighbor-8-9dd871c09f65,3,3,"{""completed"": 3}",48.42440830000123,205549568.0,0.944086144839464,0.7814861193516704,1,True,"{""experiment_type"": ""stage14_6_local_sse_neighbor_radius"", ""memory_limit_bytes"": 4294967296, ""name"": ""local_sse_r_neighbor_8"", ""parameters"": {""approximate_planner"": false, ""baseline_anchor"": 0, ""defender_action_count"": 9, ""defender_domain_x_max"": 7.5, ""defender_domain_x_min"": 5.0, ""defender_grid_policy"": ""uniform_fixed_domain"", ""heading_spacing_deg"": 5.0, ""initial_defender_action_id"": 0, ""multi_start"": false, ""r_neighbor"": 8, ""reinforcement_learning"": false, ""spatial_resolution_m"": 25.0, ""switching_contour_sample_count"": 12, ""switching_radial_sample_count"": 8, ""terrain_category"": ""centered_cube""}, ""process_semantics"": ""fresh cold process per repetition"", ""sampling_interval_s"": 0.02, ""sweep_variable"": ""r_neighbor"", ""timeout_s"": 600.0, ""worker_mode"": ""local_sse""}"
14.8,canonical-centered-cube-25m-25m-5deg-final-smoke-d6a356d48dd1,1,1,"{""completed"": 1}",60.95260539999799,203554816.0,0.944086144839464,0.7814861193516704,1,True,"{""experiment_type"": ""stage14_8_final_gate"", ""memory_limit_bytes"": null, ""name"": ""canonical_centered_cube_25m_25m_5deg_final_smoke"", ""parameters"": {""altitude_spacing_m"": 25.0, ""heading_spacing_deg"": 5.0, ""horizontal_spacing_m"": 25.0, ""terrain_category"": ""centered_cube""}, ""process_semantics"": ""fresh cold process per repetition"", ""sampling_interval_s"": 0.02, ""sweep_variable"": ""horizontal_spacing_m"", ""timeout_s"": 300.0, ""worker_mode"": ""canonical""}"
